Date,State,TotalSamples,Negative,Positive,Sno,Population,Rural population,Urban population,Area,Density,Gender Ratio,density_Group
17-04-2020,Andaman and Nicobar Islands,1403,1210.0,13.0,34,380581,237093,143488,"8,249 km2 (3,185 sq mi)",46/km2 (120/sq mi),876,Dense1
24-04-2020,Andaman and Nicobar Islands,2679,,28.0,34,380581,237093,143488,"8,249 km2 (3,185 sq mi)",46/km2 (120/sq mi),876,Dense1
27-04-2020,Andaman and Nicobar Islands,2848,,34.0,34,380581,237093,143488,"8,249 km2 (3,185 sq mi)",46/km2 (120/sq mi),876,Dense1
01-05-2020,Andaman and Nicobar Islands,3754,,34.0,34,380581,237093,143488,"8,249 km2 (3,185 sq mi)",46/km2 (120/sq mi),876,Dense1
02-04-2020,Andhra Pradesh,1800,1175.0,133.0,10,49577103,34966693,14610410,"162,968 km2 (62,922 sq mi)",303/km2 (780/sq mi),993,Dense2
10-04-2020,Andhra Pradesh,6374,6009.0,366.0,10,49577103,34966693,14610410,"162,968 km2 (62,922 sq mi)",303/km2 (780/sq mi),993,Dense2
11-04-2020,Andhra Pradesh,6958,6577.0,382.0,10,49577103,34966693,14610410,"162,968 km2 (62,922 sq mi)",303/km2 (780/sq mi),993,Dense2
12-04-2020,Andhra Pradesh,6958,6553.0,406.0,10,49577103,34966693,14610410,"162,968 km2 (62,922 sq mi)",303/km2 (780/sq mi),993,Dense2
13-04-2020,Andhra Pradesh,8755,8323.0,433.0,10,49577103,34966693,14610410,"162,968 km2 (62,922 sq mi)",303/km2 (780/sq mi),993,Dense2
14-04-2020,Andhra Pradesh,10505,10032.0,474.0,10,49577103,34966693,14610410,"162,968 km2 (62,922 sq mi)",303/km2 (780/sq mi),993,Dense2
15-04-2020,Andhra Pradesh,11613,11088.0,526.0,10,49577103,34966693,14610410,"162,968 km2 (62,922 sq mi)",303/km2 (780/sq mi),993,Dense2
16-04-2020,Andhra Pradesh,20235,19701.0,535.0,10,49577103,34966693,14610410,"162,968 km2 (62,922 sq mi)",303/km2 (780/sq mi),993,Dense2
17-04-2020,Andhra Pradesh,20235,,573.0,10,49577103,34966693,14610410,"162,968 km2 (62,922 sq mi)",303/km2 (780/sq mi),993,Dense2
18-04-2020,Andhra Pradesh,21450,20487.0,604.0,10,49577103,34966693,14610410,"162,968 km2 (62,922 sq mi)",303/km2 (780/sq mi),993,Dense2
19-04-2020,Andhra Pradesh,26958,26311.0,648.0,10,49577103,34966693,14610410,"162,968 km2 (62,922 sq mi)",303/km2 (780/sq mi),993,Dense2
20-04-2020,Andhra Pradesh,30733,30011.0,723.0,10,49577103,34966693,14610410,"162,968 km2 (62,922 sq mi)",303/km2 (780/sq mi),993,Dense2
21-04-2020,Andhra Pradesh,35755,34998.0,758.0,10,49577103,34966693,14610410,"162,968 km2 (62,922 sq mi)",303/km2 (780/sq mi),993,Dense2
22-04-2020,Andhra Pradesh,41512,40699.0,814.0,10,49577103,34966693,14610410,"162,968 km2 (62,922 sq mi)",303/km2 (780/sq mi),993,Dense2
23-04-2020,Andhra Pradesh,48032,47139.0,894.0,10,49577103,34966693,14610410,"162,968 km2 (62,922 sq mi)",303/km2 (780/sq mi),993,Dense2
24-04-2020,Andhra Pradesh,54338,53383.0,956.0,10,49577103,34966693,14610410,"162,968 km2 (62,922 sq mi)",303/km2 (780/sq mi),993,Dense2
25-04-2020,Andhra Pradesh,61266,60250.0,1017.0,10,49577103,34966693,14610410,"162,968 km2 (62,922 sq mi)",303/km2 (780/sq mi),993,Dense2
26-04-2020,Andhra Pradesh,68034,66937.0,1098.0,10,49577103,34966693,14610410,"162,968 km2 (62,922 sq mi)",303/km2 (780/sq mi),993,Dense2
27-04-2020,Andhra Pradesh,74551,73374.0,1178.0,10,49577103,34966693,14610410,"162,968 km2 (62,922 sq mi)",303/km2 (780/sq mi),993,Dense2
28-04-2020,Andhra Pradesh,80334,79075.0,1260.0,10,49577103,34966693,14610410,"162,968 km2 (62,922 sq mi)",303/km2 (780/sq mi),993,Dense2
29-04-2020,Andhra Pradesh,88061,86729.0,1333.0,10,49577103,34966693,14610410,"162,968 km2 (62,922 sq mi)",303/km2 (780/sq mi),993,Dense2
30-04-2020,Andhra Pradesh,94558,93155.0,1404.0,10,49577103,34966693,14610410,"162,968 km2 (62,922 sq mi)",303/km2 (780/sq mi),993,Dense2
01-05-2020,Andhra Pradesh,102460,100997.0,1464.0,10,49577103,34966693,14610410,"162,968 km2 (62,922 sq mi)",303/km2 (780/sq mi),993,Dense2
02-05-2020,Andhra Pradesh,108403,106878.0,1526.0,10,49577103,34966693,14610410,"162,968 km2 (62,922 sq mi)",303/km2 (780/sq mi),993,Dense2
03-05-2020,Andhra Pradesh,114937,113354.0,1584.0,10,49577103,34966693,14610410,"162,968 km2 (62,922 sq mi)",303/km2 (780/sq mi),993,Dense2
04-05-2020,Andhra Pradesh,125229,123579.0,1651.0,10,49577103,34966693,14610410,"162,968 km2 (62,922 sq mi)",303/km2 (780/sq mi),993,Dense2
05-05-2020,Andhra Pradesh,133492,131775.0,1718.0,10,49577103,34966693,14610410,"162,968 km2 (62,922 sq mi)",303/km2 (780/sq mi),993,Dense2
09-04-2020,Arunachal Pradesh,206,185.0,2.0,26,1383727,1066358,317369,"83,743 km2 (32,333 sq mi)",17/km2 (44/sq mi),938,Dense1
14-04-2020,Arunachal Pradesh,280,250.0,2.0,26,1383727,1066358,317369,"83,743 km2 (32,333 sq mi)",17/km2 (44/sq mi),938,Dense1
17-04-2020,Arunachal Pradesh,363,338.0,2.0,26,1383727,1066358,317369,"83,743 km2 (32,333 sq mi)",17/km2 (44/sq mi),938,Dense1
18-04-2020,Arunachal Pradesh,389,358.0,2.0,26,1383727,1066358,317369,"83,743 km2 (32,333 sq mi)",17/km2 (44/sq mi),938,Dense1
20-04-2020,Arunachal Pradesh,439,405.0,2.0,26,1383727,1066358,317369,"83,743 km2 (32,333 sq mi)",17/km2 (44/sq mi),938,Dense1
21-04-2020,Arunachal Pradesh,454,433.0,2.0,26,1383727,1066358,317369,"83,743 km2 (32,333 sq mi)",17/km2 (44/sq mi),938,Dense1
22-04-2020,Arunachal Pradesh,496,441.0,3.0,26,1383727,1066358,317369,"83,743 km2 (32,333 sq mi)",17/km2 (44/sq mi),938,Dense1
24-04-2020,Arunachal Pradesh,526,508.0,3.0,26,1383727,1066358,317369,"83,743 km2 (32,333 sq mi)",17/km2 (44/sq mi),938,Dense1
26-04-2020,Arunachal Pradesh,568,529.0,3.0,26,1383727,1066358,317369,"83,743 km2 (32,333 sq mi)",17/km2 (44/sq mi),938,Dense1
27-04-2020,Arunachal Pradesh,584,566.0,3.0,26,1383727,1066358,317369,"83,743 km2 (32,333 sq mi)",17/km2 (44/sq mi),938,Dense1
28-04-2020,Arunachal Pradesh,610,581.0,3.0,26,1383727,1066358,317369,"83,743 km2 (32,333 sq mi)",17/km2 (44/sq mi),938,Dense1
29-04-2020,Arunachal Pradesh,662,595.0,3.0,26,1383727,1066358,317369,"83,743 km2 (32,333 sq mi)",17/km2 (44/sq mi),938,Dense1
30-04-2020,Arunachal Pradesh,694,656.0,3.0,26,1383727,1066358,317369,"83,743 km2 (32,333 sq mi)",17/km2 (44/sq mi),938,Dense1
01-05-2020,Arunachal Pradesh,724,692.0,3.0,26,1383727,1066358,317369,"83,743 km2 (32,333 sq mi)",17/km2 (44/sq mi),938,Dense1
03-05-2020,Arunachal Pradesh,810,761.0,3.0,26,1383727,1066358,317369,"83,743 km2 (32,333 sq mi)",17/km2 (44/sq mi),938,Dense1
04-05-2020,Arunachal Pradesh,869,762.0,3.0,26,1383727,1066358,317369,"83,743 km2 (32,333 sq mi)",17/km2 (44/sq mi),938,Dense1
02-04-2020,Assam,962,819.0,17.0,15,31205576,26807034,4398542,"78,438 km2 (30,285 sq mi)","397/km2 (1,030/sq mi)",954,Dense2
10-04-2020,Assam,2863,2685.0,30.0,15,31205576,26807034,4398542,"78,438 km2 (30,285 sq mi)","397/km2 (1,030/sq mi)",954,Dense2
11-04-2020,Assam,3011,2842.0,30.0,15,31205576,26807034,4398542,"78,438 km2 (30,285 sq mi)","397/km2 (1,030/sq mi)",954,Dense2
12-04-2020,Assam,3138,2973.0,30.0,15,31205576,26807034,4398542,"78,438 km2 (30,285 sq mi)","397/km2 (1,030/sq mi)",954,Dense2
14-04-2020,Assam,3491,3267.0,32.0,15,31205576,26807034,4398542,"78,438 km2 (30,285 sq mi)","397/km2 (1,030/sq mi)",954,Dense2
15-04-2020,Assam,3613,3492.0,33.0,15,31205576,26807034,4398542,"78,438 km2 (30,285 sq mi)","397/km2 (1,030/sq mi)",954,Dense2
16-04-2020,Assam,4108,3803.0,35.0,15,31205576,26807034,4398542,"78,438 km2 (30,285 sq mi)","397/km2 (1,030/sq mi)",954,Dense2
17-04-2020,Assam,4236,4024.0,35.0,15,31205576,26807034,4398542,"78,438 km2 (30,285 sq mi)","397/km2 (1,030/sq mi)",954,Dense2
18-04-2020,Assam,4400,4199.0,35.0,15,31205576,26807034,4398542,"78,438 km2 (30,285 sq mi)","397/km2 (1,030/sq mi)",954,Dense2
19-04-2020,Assam,4865,4584.0,35.0,15,31205576,26807034,4398542,"78,438 km2 (30,285 sq mi)","397/km2 (1,030/sq mi)",954,Dense2
20-04-2020,Assam,5112,4937.0,35.0,15,31205576,26807034,4398542,"78,438 km2 (30,285 sq mi)","397/km2 (1,030/sq mi)",954,Dense2
21-04-2020,Assam,5514,5245.0,35.0,15,31205576,26807034,4398542,"78,438 km2 (30,285 sq mi)","397/km2 (1,030/sq mi)",954,Dense2
24-04-2020,Assam,6680,6391.0,36.0,15,31205576,26807034,4398542,"78,438 km2 (30,285 sq mi)","397/km2 (1,030/sq mi)",954,Dense2
25-04-2020,Assam,7159,6781.0,36.0,15,31205576,26807034,4398542,"78,438 km2 (30,285 sq mi)","397/km2 (1,030/sq mi)",954,Dense2
26-04-2020,Assam,7823,7474.0,36.0,15,31205576,26807034,4398542,"78,438 km2 (30,285 sq mi)","397/km2 (1,030/sq mi)",954,Dense2
27-04-2020,Assam,8117,7985.0,36.0,15,31205576,26807034,4398542,"78,438 km2 (30,285 sq mi)","397/km2 (1,030/sq mi)",954,Dense2
29-04-2020,Assam,9520,8771.0,38.0,15,31205576,26807034,4398542,"78,438 km2 (30,285 sq mi)","397/km2 (1,030/sq mi)",954,Dense2
02-05-2020,Assam,11623,10499.0,43.0,15,31205576,26807034,4398542,"78,438 km2 (30,285 sq mi)","397/km2 (1,030/sq mi)",954,Dense2
04-05-2020,Assam,12775,11764.0,43.0,15,31205576,26807034,4398542,"78,438 km2 (30,285 sq mi)","397/km2 (1,030/sq mi)",954,Dense2
05-04-2020,Bihar,3037,2299.0,33.0,3,104099452,92341436,11758016,"94,163 km2 (36,357 sq mi)","1,102/km2 (2,850/sq mi)",918,Dense4
05-04-2020,Bihar,3037,2299.0,33.0,3,104099452,92341436,11758016,"94,163 km2 (36,357 sq mi)","1,102/km2 (2,850/sq mi)",918,Dense4
08-04-2020,Bihar,4596,,39.0,3,104099452,92341436,11758016,"94,163 km2 (36,357 sq mi)","1,102/km2 (2,850/sq mi)",918,Dense4
09-04-2020,Bihar,4991,,44.0,3,104099452,92341436,11758016,"94,163 km2 (36,357 sq mi)","1,102/km2 (2,850/sq mi)",918,Dense4
10-04-2020,Bihar,5457,,61.0,3,104099452,92341436,11758016,"94,163 km2 (36,357 sq mi)","1,102/km2 (2,850/sq mi)",918,Dense4
11-04-2020,Bihar,6250,,62.0,3,104099452,92341436,11758016,"94,163 km2 (36,357 sq mi)","1,102/km2 (2,850/sq mi)",918,Dense4
12-04-2020,Bihar,6703,,65.0,3,104099452,92341436,11758016,"94,163 km2 (36,357 sq mi)","1,102/km2 (2,850/sq mi)",918,Dense4
13-04-2020,Bihar,7263,,66.0,3,104099452,92341436,11758016,"94,163 km2 (36,357 sq mi)","1,102/km2 (2,850/sq mi)",918,Dense4
14-04-2020,Bihar,7727,,63.0,3,104099452,92341436,11758016,"94,163 km2 (36,357 sq mi)","1,102/km2 (2,850/sq mi)",918,Dense4
15-04-2020,Bihar,8263,,67.0,3,104099452,92341436,11758016,"94,163 km2 (36,357 sq mi)","1,102/km2 (2,850/sq mi)",918,Dense4
16-04-2020,Bihar,8846,,73.0,3,104099452,92341436,11758016,"94,163 km2 (36,357 sq mi)","1,102/km2 (2,850/sq mi)",918,Dense4
17-04-2020,Bihar,9486,,84.0,3,104099452,92341436,11758016,"94,163 km2 (36,357 sq mi)","1,102/km2 (2,850/sq mi)",918,Dense4
18-04-2020,Bihar,10130,,86.0,3,104099452,92341436,11758016,"94,163 km2 (36,357 sq mi)","1,102/km2 (2,850/sq mi)",918,Dense4
19-04-2020,Bihar,10745,,93.0,3,104099452,92341436,11758016,"94,163 km2 (36,357 sq mi)","1,102/km2 (2,850/sq mi)",918,Dense4
20-04-2020,Bihar,11319,,97.0,3,104099452,92341436,11758016,"94,163 km2 (36,357 sq mi)","1,102/km2 (2,850/sq mi)",918,Dense4
21-04-2020,Bihar,11999,,116.0,3,104099452,92341436,11758016,"94,163 km2 (36,357 sq mi)","1,102/km2 (2,850/sq mi)",918,Dense4
22-04-2020,Bihar,12978,,137.0,3,104099452,92341436,11758016,"94,163 km2 (36,357 sq mi)","1,102/km2 (2,850/sq mi)",918,Dense4
23-04-2020,Bihar,13785,,149.0,3,104099452,92341436,11758016,"94,163 km2 (36,357 sq mi)","1,102/km2 (2,850/sq mi)",918,Dense4
24-04-2020,Bihar,14924,,177.0,3,104099452,92341436,11758016,"94,163 km2 (36,357 sq mi)","1,102/km2 (2,850/sq mi)",918,Dense4
25-04-2020,Bihar,15885,,239.0,3,104099452,92341436,11758016,"94,163 km2 (36,357 sq mi)","1,102/km2 (2,850/sq mi)",918,Dense4
26-04-2020,Bihar,17041,,256.0,3,104099452,92341436,11758016,"94,163 km2 (36,357 sq mi)","1,102/km2 (2,850/sq mi)",918,Dense4
27-04-2020,Bihar,18179,,329.0,3,104099452,92341436,11758016,"94,163 km2 (36,357 sq mi)","1,102/km2 (2,850/sq mi)",918,Dense4
28-04-2020,Bihar,19790,,347.0,3,104099452,92341436,11758016,"94,163 km2 (36,357 sq mi)","1,102/km2 (2,850/sq mi)",918,Dense4
29-04-2020,Bihar,21180,,384.0,3,104099452,92341436,11758016,"94,163 km2 (36,357 sq mi)","1,102/km2 (2,850/sq mi)",918,Dense4
30-04-2020,Bihar,22672,,410.0,3,104099452,92341436,11758016,"94,163 km2 (36,357 sq mi)","1,102/km2 (2,850/sq mi)",918,Dense4
01-05-2020,Bihar,24118,,467.0,3,104099452,92341436,11758016,"94,163 km2 (36,357 sq mi)","1,102/km2 (2,850/sq mi)",918,Dense4
02-05-2020,Bihar,25724,,477.0,3,104099452,92341436,11758016,"94,163 km2 (36,357 sq mi)","1,102/km2 (2,850/sq mi)",918,Dense4
03-05-2020,Bihar,26951,,486.0,3,104099452,92341436,11758016,"94,163 km2 (36,357 sq mi)","1,102/km2 (2,850/sq mi)",918,Dense4
04-05-2020,Bihar,28345,,526.0,3,104099452,92341436,11758016,"94,163 km2 (36,357 sq mi)","1,102/km2 (2,850/sq mi)",918,Dense4
05-05-2020,Bihar,29906,,530.0,3,104099452,92341436,11758016,"94,163 km2 (36,357 sq mi)","1,102/km2 (2,850/sq mi)",918,Dense4
02-04-2020,Chandigarh,124,98.0,19.0,32,1055450,28991,1026459,114 km2 (44 sq mi),"9,252/km2 (23,960/sq mi)",818,Dense4
08-04-2020,Chandigarh,184,162.0,19.0,32,1055450,28991,1026459,114 km2 (44 sq mi),"9,252/km2 (23,960/sq mi)",818,Dense4
10-04-2020,Chandigarh,223,199.0,20.0,32,1055450,28991,1026459,114 km2 (44 sq mi),"9,252/km2 (23,960/sq mi)",818,Dense4
11-04-2020,Chandigarh,264,223.0,20.0,32,1055450,28991,1026459,114 km2 (44 sq mi),"9,252/km2 (23,960/sq mi)",818,Dense4
12-04-2020,Chandigarh,279,247.0,22.0,32,1055450,28991,1026459,114 km2 (44 sq mi),"9,252/km2 (23,960/sq mi)",818,Dense4
13-04-2020,Chandigarh,296,263.0,22.0,32,1055450,28991,1026459,114 km2 (44 sq mi),"9,252/km2 (23,960/sq mi)",818,Dense4
14-04-2020,Chandigarh,309,285.0,22.0,32,1055450,28991,1026459,114 km2 (44 sq mi),"9,252/km2 (23,960/sq mi)",818,Dense4
15-04-2020,Chandigarh,317,293.0,22.0,32,1055450,28991,1026459,114 km2 (44 sq mi),"9,252/km2 (23,960/sq mi)",818,Dense4
16-04-2020,Chandigarh,337,315.0,22.0,32,1055450,28991,1026459,114 km2 (44 sq mi),"9,252/km2 (23,960/sq mi)",818,Dense4
17-04-2020,Chandigarh,358,335.0,22.0,32,1055450,28991,1026459,114 km2 (44 sq mi),"9,252/km2 (23,960/sq mi)",818,Dense4
18-04-2020,Chandigarh,381,348.0,24.0,32,1055450,28991,1026459,114 km2 (44 sq mi),"9,252/km2 (23,960/sq mi)",818,Dense4
19-04-2020,Chandigarh,430,388.0,27.0,32,1055450,28991,1026459,114 km2 (44 sq mi),"9,252/km2 (23,960/sq mi)",818,Dense4
20-04-2020,Chandigarh,453,417.0,27.0,32,1055450,28991,1026459,114 km2 (44 sq mi),"9,252/km2 (23,960/sq mi)",818,Dense4
21-04-2020,Chandigarh,497,445.0,28.0,32,1055450,28991,1026459,114 km2 (44 sq mi),"9,252/km2 (23,960/sq mi)",818,Dense4
22-04-2020,Chandigarh,529,492.0,28.0,32,1055450,28991,1026459,114 km2 (44 sq mi),"9,252/km2 (23,960/sq mi)",818,Dense4
23-04-2020,Chandigarh,599,557.0,28.0,32,1055450,28991,1026459,114 km2 (44 sq mi),"9,252/km2 (23,960/sq mi)",818,Dense4
24-04-2020,Chandigarh,638,603.0,28.0,32,1055450,28991,1026459,114 km2 (44 sq mi),"9,252/km2 (23,960/sq mi)",818,Dense4
25-04-2020,Chandigarh,734,668.0,29.0,32,1055450,28991,1026459,114 km2 (44 sq mi),"9,252/km2 (23,960/sq mi)",818,Dense4
26-04-2020,Chandigarh,756,677.0,31.0,32,1055450,28991,1026459,114 km2 (44 sq mi),"9,252/km2 (23,960/sq mi)",818,Dense4
27-04-2020,Chandigarh,843,777.0,41.0,32,1055450,28991,1026459,114 km2 (44 sq mi),"9,252/km2 (23,960/sq mi)",818,Dense4
28-04-2020,Chandigarh,924,857.0,57.0,32,1055450,28991,1026459,114 km2 (44 sq mi),"9,252/km2 (23,960/sq mi)",818,Dense4
29-04-2020,Chandigarh,1012,922.0,68.0,32,1055450,28991,1026459,114 km2 (44 sq mi),"9,252/km2 (23,960/sq mi)",818,Dense4
30-04-2020,Chandigarh,1147,1022.0,75.0,32,1055450,28991,1026459,114 km2 (44 sq mi),"9,252/km2 (23,960/sq mi)",818,Dense4
01-05-2020,Chandigarh,1252,1131.0,89.0,32,1055450,28991,1026459,114 km2 (44 sq mi),"9,252/km2 (23,960/sq mi)",818,Dense4
02-05-2020,Chandigarh,1462,1339.0,95.0,32,1055450,28991,1026459,114 km2 (44 sq mi),"9,252/km2 (23,960/sq mi)",818,Dense4
03-05-2020,Chandigarh,1616,1491.0,98.0,32,1055450,28991,1026459,114 km2 (44 sq mi),"9,252/km2 (23,960/sq mi)",818,Dense4
04-05-2020,Chandigarh,1678,1545.0,103.0,32,1055450,28991,1026459,114 km2 (44 sq mi),"9,252/km2 (23,960/sq mi)",818,Dense4
02-04-2020,Chhattisgarh,1232,921.0,10.0,17,25545198,19607961,5937237,"135,191 km2 (52,198 sq mi)",189/km2 (490/sq mi),991,Dense1
10-04-2020,Chhattisgarh,3473,3322.0,19.0,17,25545198,19607961,5937237,"135,191 km2 (52,198 sq mi)",189/km2 (490/sq mi),991,Dense1
11-04-2020,Chhattisgarh,3858,3503.0,19.0,17,25545198,19607961,5937237,"135,191 km2 (52,198 sq mi)",189/km2 (490/sq mi),991,Dense1
12-04-2020,Chhattisgarh,3945,3856.0,32.0,17,25545198,19607961,5937237,"135,191 km2 (52,198 sq mi)",189/km2 (490/sq mi),991,Dense1
13-04-2020,Chhattisgarh,4377,3969.0,32.0,17,25545198,19607961,5937237,"135,191 km2 (52,198 sq mi)",189/km2 (490/sq mi),991,Dense1
14-04-2020,Chhattisgarh,4812,4319.0,34.0,17,25545198,19607961,5937237,"135,191 km2 (52,198 sq mi)",189/km2 (490/sq mi),991,Dense1
15-04-2020,Chhattisgarh,5122,4878.0,34.0,17,25545198,19607961,5937237,"135,191 km2 (52,198 sq mi)",189/km2 (490/sq mi),991,Dense1
16-04-2020,Chhattisgarh,5519,5168.0,34.0,17,25545198,19607961,5937237,"135,191 km2 (52,198 sq mi)",189/km2 (490/sq mi),991,Dense1
17-04-2020,Chhattisgarh,5776,5484.0,37.0,17,25545198,19607961,5937237,"135,191 km2 (52,198 sq mi)",189/km2 (490/sq mi),991,Dense1
18-04-2020,Chhattisgarh,5776,5484.0,37.0,17,25545198,19607961,5937237,"135,191 km2 (52,198 sq mi)",189/km2 (490/sq mi),991,Dense1
19-04-2020,Chhattisgarh,6675,6086.0,37.0,17,25545198,19607961,5937237,"135,191 km2 (52,198 sq mi)",189/km2 (490/sq mi),991,Dense1
20-04-2020,Chhattisgarh,7601,7029.0,37.0,17,25545198,19607961,5937237,"135,191 km2 (52,198 sq mi)",189/km2 (490/sq mi),991,Dense1
21-04-2020,Chhattisgarh,8272,7555.0,37.0,17,25545198,19607961,5937237,"135,191 km2 (52,198 sq mi)",189/km2 (490/sq mi),991,Dense1
22-04-2020,Chhattisgarh,9220,8296.0,37.0,17,25545198,19607961,5937237,"135,191 km2 (52,198 sq mi)",189/km2 (490/sq mi),991,Dense1
23-04-2020,Chhattisgarh,10346,9206.0,37.0,17,25545198,19607961,5937237,"135,191 km2 (52,198 sq mi)",189/km2 (490/sq mi),991,Dense1
24-04-2020,Chhattisgarh,11386,10213.0,37.0,17,25545198,19607961,5937237,"135,191 km2 (52,198 sq mi)",189/km2 (490/sq mi),991,Dense1
25-04-2020,Chhattisgarh,12596,11168.0,38.0,17,25545198,19607961,5937237,"135,191 km2 (52,198 sq mi)",189/km2 (490/sq mi),991,Dense1
26-04-2020,Chhattisgarh,13786,12406.0,38.0,17,25545198,19607961,5937237,"135,191 km2 (52,198 sq mi)",189/km2 (490/sq mi),991,Dense1
27-04-2020,Chhattisgarh,14987,13882.0,38.0,17,25545198,19607961,5937237,"135,191 km2 (52,198 sq mi)",189/km2 (490/sq mi),991,Dense1
28-04-2020,Chhattisgarh,15737,14953.0,39.0,17,25545198,19607961,5937237,"135,191 km2 (52,198 sq mi)",189/km2 (490/sq mi),991,Dense1
29-04-2020,Chhattisgarh,16546,15658.0,39.0,17,25545198,19607961,5937237,"135,191 km2 (52,198 sq mi)",189/km2 (490/sq mi),991,Dense1
30-04-2020,Chhattisgarh,17541,16602.0,41.0,17,25545198,19607961,5937237,"135,191 km2 (52,198 sq mi)",189/km2 (490/sq mi),991,Dense1
01-05-2020,Chhattisgarh,18039,17199.0,44.0,17,25545198,19607961,5937237,"135,191 km2 (52,198 sq mi)",189/km2 (490/sq mi),991,Dense1
03-05-2020,Chhattisgarh,19902,18848.0,58.0,17,25545198,19607961,5937237,"135,191 km2 (52,198 sq mi)",189/km2 (490/sq mi),991,Dense1
01-04-2020,Delhi,2621,,2082.0,29,16787941,419042,16368899,"1,484 km2 (573 sq mi)","11,297/km2 (29,260/sq mi)",868,Dense4
07-04-2020,Delhi,9041,7308.0,577.0,29,16787941,419042,16368899,"1,484 km2 (573 sq mi)","11,297/km2 (29,260/sq mi)",868,Dense4
09-04-2020,Delhi,9968,8643.0,721.0,29,16787941,419042,16368899,"1,484 km2 (573 sq mi)","11,297/km2 (29,260/sq mi)",868,Dense4
10-04-2020,Delhi,11061,9662.0,904.0,29,16787941,419042,16368899,"1,484 km2 (573 sq mi)","11,297/km2 (29,260/sq mi)",868,Dense4
11-04-2020,Delhi,11709,10218.0,1070.0,29,16787941,419042,16368899,"1,484 km2 (573 sq mi)","11,297/km2 (29,260/sq mi)",868,Dense4
12-04-2020,Delhi,14036,11748.0,1155.0,29,16787941,419042,16368899,"1,484 km2 (573 sq mi)","11,297/km2 (29,260/sq mi)",868,Dense4
13-04-2020,Delhi,15032,12283.0,1511.0,29,16787941,419042,16368899,"1,484 km2 (573 sq mi)","11,297/km2 (29,260/sq mi)",868,Dense4
14-04-2020,Delhi,16282,13748.0,1562.0,29,16787941,419042,16368899,"1,484 km2 (573 sq mi)","11,297/km2 (29,260/sq mi)",868,Dense4
15-04-2020,Delhi,16605,13865.0,1579.0,29,16787941,419042,16368899,"1,484 km2 (573 sq mi)","11,297/km2 (29,260/sq mi)",868,Dense4
16-04-2020,Delhi,18784,14692.0,1641.0,29,16787941,419042,16368899,"1,484 km2 (573 sq mi)","11,297/km2 (29,260/sq mi)",868,Dense4
17-04-2020,Delhi,21409,16899.0,1708.0,29,16787941,419042,16368899,"1,484 km2 (573 sq mi)","11,297/km2 (29,260/sq mi)",868,Dense4
18-04-2020,Delhi,22283,17449.0,1894.0,29,16787941,419042,16368899,"1,484 km2 (573 sq mi)","11,297/km2 (29,260/sq mi)",868,Dense4
19-04-2020,Delhi,24387,19393.0,2004.0,29,16787941,419042,16368899,"1,484 km2 (573 sq mi)","11,297/km2 (29,260/sq mi)",868,Dense4
20-04-2020,Delhi,25900,20712.0,2082.0,29,16787941,419042,16368899,"1,484 km2 (573 sq mi)","11,297/km2 (29,260/sq mi)",868,Dense4
21-04-2020,Delhi,26627,21810.0,2157.0,29,16787941,419042,16368899,"1,484 km2 (573 sq mi)","11,297/km2 (29,260/sq mi)",868,Dense4
22-04-2020,Delhi,28309,22713.0,2249.0,29,16787941,419042,16368899,"1,484 km2 (573 sq mi)","11,297/km2 (29,260/sq mi)",868,Dense4
23-04-2020,Delhi,30560,24538.0,2376.0,29,16787941,419042,16368899,"1,484 km2 (573 sq mi)","11,297/km2 (29,260/sq mi)",868,Dense4
24-04-2020,Delhi,33672,26552.0,2515.0,29,16787941,419042,16368899,"1,484 km2 (573 sq mi)","11,297/km2 (29,260/sq mi)",868,Dense4
25-04-2020,Delhi,35519,28693.0,2626.0,29,16787941,419042,16368899,"1,484 km2 (573 sq mi)","11,297/km2 (29,260/sq mi)",868,Dense4
26-04-2020,Delhi,37613,31919.0,2919.0,29,16787941,419042,16368899,"1,484 km2 (573 sq mi)","11,297/km2 (29,260/sq mi)",868,Dense4
27-04-2020,Delhi,39911,34145.0,3109.0,29,16787941,419042,16368899,"1,484 km2 (573 sq mi)","11,297/km2 (29,260/sq mi)",868,Dense4
28-04-2020,Delhi,43370,36195.0,3315.0,29,16787941,419042,16368899,"1,484 km2 (573 sq mi)","11,297/km2 (29,260/sq mi)",868,Dense4
29-04-2020,Delhi,47225,39920.0,3440.0,29,16787941,419042,16368899,"1,484 km2 (573 sq mi)","11,297/km2 (29,260/sq mi)",868,Dense4
02-05-2020,Delhi,58210,,4123.0,29,16787941,419042,16368899,"1,484 km2 (573 sq mi)","11,297/km2 (29,260/sq mi)",868,Dense4
03-05-2020,Delhi,60246,,4550.0,29,16787941,419042,16368899,"1,484 km2 (573 sq mi)","11,297/km2 (29,260/sq mi)",868,Dense4
04-05-2020,Delhi,64108,,4899.0,29,16787941,419042,16368899,"1,484 km2 (573 sq mi)","11,297/km2 (29,260/sq mi)",868,Dense4
02-04-2020,Goa,220,197.0,6.0,25,1458545,551731,906814,"3,702 km2 (1,429 sq mi)","394/km2 (1,020/sq mi)",973,Dense2
09-04-2020,Goa,344,,8.0,25,1458545,551731,906814,"3,702 km2 (1,429 sq mi)","394/km2 (1,020/sq mi)",973,Dense2
10-04-2020,Goa,354,,8.0,25,1458545,551731,906814,"3,702 km2 (1,429 sq mi)","394/km2 (1,020/sq mi)",973,Dense2
12-04-2020,Goa,406,,8.0,25,1458545,551731,906814,"3,702 km2 (1,429 sq mi)","394/km2 (1,020/sq mi)",973,Dense2
13-04-2020,Goa,440,,8.0,25,1458545,551731,906814,"3,702 km2 (1,429 sq mi)","394/km2 (1,020/sq mi)",973,Dense2
14-04-2020,Goa,479,,8.0,25,1458545,551731,906814,"3,702 km2 (1,429 sq mi)","394/km2 (1,020/sq mi)",973,Dense2
15-04-2020,Goa,556,,8.0,25,1458545,551731,906814,"3,702 km2 (1,429 sq mi)","394/km2 (1,020/sq mi)",973,Dense2
16-04-2020,Goa,611,,8.0,25,1458545,551731,906814,"3,702 km2 (1,429 sq mi)","394/km2 (1,020/sq mi)",973,Dense2
17-04-2020,Goa,673,,8.0,25,1458545,551731,906814,"3,702 km2 (1,429 sq mi)","394/km2 (1,020/sq mi)",973,Dense2
18-04-2020,Goa,758,,8.0,25,1458545,551731,906814,"3,702 km2 (1,429 sq mi)","394/km2 (1,020/sq mi)",973,Dense2
19-04-2020,Goa,826,,8.0,25,1458545,551731,906814,"3,702 km2 (1,429 sq mi)","394/km2 (1,020/sq mi)",973,Dense2
20-04-2020,Goa,901,,8.0,25,1458545,551731,906814,"3,702 km2 (1,429 sq mi)","394/km2 (1,020/sq mi)",973,Dense2
21-04-2020,Goa,1004,,8.0,25,1458545,551731,906814,"3,702 km2 (1,429 sq mi)","394/km2 (1,020/sq mi)",973,Dense2
22-04-2020,Goa,1116,,8.0,25,1458545,551731,906814,"3,702 km2 (1,429 sq mi)","394/km2 (1,020/sq mi)",973,Dense2
23-04-2020,Goa,1206,,8.0,25,1458545,551731,906814,"3,702 km2 (1,429 sq mi)","394/km2 (1,020/sq mi)",973,Dense2
27-04-2020,Goa,1541,,8.0,25,1458545,551731,906814,"3,702 km2 (1,429 sq mi)","394/km2 (1,020/sq mi)",973,Dense2
28-04-2020,Goa,1776,,8.0,25,1458545,551731,906814,"3,702 km2 (1,429 sq mi)","394/km2 (1,020/sq mi)",973,Dense2
29-04-2020,Goa,1871,,8.0,25,1458545,551731,906814,"3,702 km2 (1,429 sq mi)","394/km2 (1,020/sq mi)",973,Dense2
30-04-2020,Goa,2031,,8.0,25,1458545,551731,906814,"3,702 km2 (1,429 sq mi)","394/km2 (1,020/sq mi)",973,Dense2
01-05-2020,Goa,2181,,8.0,25,1458545,551731,906814,"3,702 km2 (1,429 sq mi)","394/km2 (1,020/sq mi)",973,Dense2
02-05-2020,Goa,2372,,8.0,25,1458545,551731,906814,"3,702 km2 (1,429 sq mi)","394/km2 (1,020/sq mi)",973,Dense2
03-05-2020,Goa,2548,,8.0,25,1458545,551731,906814,"3,702 km2 (1,429 sq mi)","394/km2 (1,020/sq mi)",973,Dense2
04-05-2020,Goa,2899,,8.0,25,1458545,551731,906814,"3,702 km2 (1,429 sq mi)","394/km2 (1,020/sq mi)",973,Dense2
08-04-2020,Gujarat,4224,3905.0,187.0,9,60439692,34694609,25745083,"196,024 km2 (75,685 sq mi)",308/km2 (800/sq mi),919,Dense2
10-04-2020,Gujarat,7718,7237.0,379.0,9,60439692,34694609,25745083,"196,024 km2 (75,685 sq mi)",308/km2 (800/sq mi),919,Dense2
11-04-2020,Gujarat,9763,8888.0,469.0,9,60439692,34694609,25745083,"196,024 km2 (75,685 sq mi)",308/km2 (800/sq mi),919,Dense2
12-04-2020,Gujarat,11715,10867.0,517.0,9,60439692,34694609,25745083,"196,024 km2 (75,685 sq mi)",308/km2 (800/sq mi),919,Dense2
13-04-2020,Gujarat,14251,12970.0,573.0,9,60439692,34694609,25745083,"196,024 km2 (75,685 sq mi)",308/km2 (800/sq mi),919,Dense2
14-04-2020,Gujarat,14980,14363.0,618.0,9,60439692,34694609,25745083,"196,024 km2 (75,685 sq mi)",308/km2 (800/sq mi),919,Dense2
15-04-2020,Gujarat,19197,18431.0,767.0,9,60439692,34694609,25745083,"196,024 km2 (75,685 sq mi)",308/km2 (800/sq mi),919,Dense2
16-04-2020,Gujarat,20903,19974.0,930.0,9,60439692,34694609,25745083,"196,024 km2 (75,685 sq mi)",308/km2 (800/sq mi),919,Dense2
17-04-2020,Gujarat,23483,22339.0,1100.0,9,60439692,34694609,25745083,"196,024 km2 (75,685 sq mi)",308/km2 (800/sq mi),919,Dense2
18-04-2020,Gujarat,26102,24726.0,1377.0,9,60439692,34694609,25745083,"196,024 km2 (75,685 sq mi)",308/km2 (800/sq mi),919,Dense2
19-04-2020,Gujarat,29104,27361.0,1744.0,9,60439692,34694609,25745083,"196,024 km2 (75,685 sq mi)",308/km2 (800/sq mi),919,Dense2
20-04-2020,Gujarat,33316,31377.0,1940.0,9,60439692,34694609,25745083,"196,024 km2 (75,685 sq mi)",308/km2 (800/sq mi),919,Dense2
21-04-2020,Gujarat,36829,34651.0,2179.0,9,60439692,34694609,25745083,"196,024 km2 (75,685 sq mi)",308/km2 (800/sq mi),919,Dense2
22-04-2020,Gujarat,39421,37014.0,2408.0,9,60439692,34694609,25745083,"196,024 km2 (75,685 sq mi)",308/km2 (800/sq mi),919,Dense2
23-04-2020,Gujarat,42384,39760.0,2625.0,9,60439692,34694609,25745083,"196,024 km2 (75,685 sq mi)",308/km2 (800/sq mi),919,Dense2
24-04-2020,Gujarat,46743,41007.0,2816.0,9,60439692,34694609,25745083,"196,024 km2 (75,685 sq mi)",308/km2 (800/sq mi),919,Dense2
25-04-2020,Gujarat,48315,45254.0,3062.0,9,60439692,34694609,25745083,"196,024 km2 (75,685 sq mi)",308/km2 (800/sq mi),919,Dense2
26-04-2020,Gujarat,51091,47790.0,3302.0,9,60439692,34694609,25745083,"196,024 km2 (75,685 sq mi)",308/km2 (800/sq mi),919,Dense2
27-04-2020,Gujarat,53575,50028.0,3548.0,9,60439692,34694609,25745083,"196,024 km2 (75,685 sq mi)",308/km2 (800/sq mi),919,Dense2
28-04-2020,Gujarat,56101,52327.0,3775.0,9,60439692,34694609,25745083,"196,024 km2 (75,685 sq mi)",308/km2 (800/sq mi),919,Dense2
29-04-2020,Gujarat,59488,55406.0,4083.0,9,60439692,34694609,25745083,"196,024 km2 (75,685 sq mi)",308/km2 (800/sq mi),919,Dense2
30-04-2020,Gujarat,64007,59612.0,4396.0,9,60439692,34694609,25745083,"196,024 km2 (75,685 sq mi)",308/km2 (800/sq mi),919,Dense2
01-05-2020,Gujarat,68774,64053.0,4722.0,9,60439692,34694609,25745083,"196,024 km2 (75,685 sq mi)",308/km2 (800/sq mi),919,Dense2
02-05-2020,Gujarat,74116,69062.0,5055.0,9,60439692,34694609,25745083,"196,024 km2 (75,685 sq mi)",308/km2 (800/sq mi),919,Dense2
03-05-2020,Gujarat,80060,74632.0,5429.0,9,60439692,34694609,25745083,"196,024 km2 (75,685 sq mi)",308/km2 (800/sq mi),919,Dense2
04-05-2020,Gujarat,84648,,5805.0,9,60439692,34694609,25745083,"196,024 km2 (75,685 sq mi)",308/km2 (800/sq mi),919,Dense2
03-04-2020,Haryana,1325,938.0,45.0,18,25351462,16509359,8842103,"44,212 km2 (17,070 sq mi)","573/km2 (1,480/sq mi)",879,Dense2
07-04-2020,Haryana,2520,1821.0,142.0,18,25351462,16509359,8842103,"44,212 km2 (17,070 sq mi)","573/km2 (1,480/sq mi)",879,Dense2
08-04-2020,Haryana,2650,1885.0,154.0,18,25351462,16509359,8842103,"44,212 km2 (17,070 sq mi)","573/km2 (1,480/sq mi)",879,Dense2
09-04-2020,Haryana,2964,2017.0,157.0,18,25351462,16509359,8842103,"44,212 km2 (17,070 sq mi)","573/km2 (1,480/sq mi)",879,Dense2
10-04-2020,Haryana,3527,2447.0,163.0,18,25351462,16509359,8842103,"44,212 km2 (17,070 sq mi)","573/km2 (1,480/sq mi)",879,Dense2
11-04-2020,Haryana,3663,2472.0,166.0,18,25351462,16509359,8842103,"44,212 km2 (17,070 sq mi)","573/km2 (1,480/sq mi)",879,Dense2
12-04-2020,Haryana,3903,2513.0,182.0,18,25351462,16509359,8842103,"44,212 km2 (17,070 sq mi)","573/km2 (1,480/sq mi)",879,Dense2
13-04-2020,Haryana,4489,2961.0,183.0,18,25351462,16509359,8842103,"44,212 km2 (17,070 sq mi)","573/km2 (1,480/sq mi)",879,Dense2
14-04-2020,Haryana,5210,3681.0,185.0,18,25351462,16509359,8842103,"44,212 km2 (17,070 sq mi)","573/km2 (1,480/sq mi)",879,Dense2
15-04-2020,Haryana,7388,5581.0,191.0,18,25351462,16509359,8842103,"44,212 km2 (17,070 sq mi)","573/km2 (1,480/sq mi)",879,Dense2
16-04-2020,Haryana,8064,6465.0,215.0,18,25351462,16509359,8842103,"44,212 km2 (17,070 sq mi)","573/km2 (1,480/sq mi)",879,Dense2
17-04-2020,Haryana,8884,7148.0,224.0,18,25351462,16509359,8842103,"44,212 km2 (17,070 sq mi)","573/km2 (1,480/sq mi)",879,Dense2
18-04-2020,Haryana,10454,8093.0,233.0,18,25351462,16509359,8842103,"44,212 km2 (17,070 sq mi)","573/km2 (1,480/sq mi)",879,Dense2
19-04-2020,Haryana,12687,10230.0,251.0,18,25351462,16509359,8842103,"44,212 km2 (17,070 sq mi)","573/km2 (1,480/sq mi)",879,Dense2
20-04-2020,Haryana,13894,11523.0,252.0,18,25351462,16509359,8842103,"44,212 km2 (17,070 sq mi)","573/km2 (1,480/sq mi)",879,Dense2
21-04-2020,Haryana,14562,12253.0,256.0,18,25351462,16509359,8842103,"44,212 km2 (17,070 sq mi)","573/km2 (1,480/sq mi)",879,Dense2
22-04-2020,Haryana,15561,13397.0,265.0,18,25351462,16509359,8842103,"44,212 km2 (17,070 sq mi)","573/km2 (1,480/sq mi)",879,Dense2
23-04-2020,Haryana,17582,15452.0,271.0,18,25351462,16509359,8842103,"44,212 km2 (17,070 sq mi)","573/km2 (1,480/sq mi)",879,Dense2
24-04-2020,Haryana,18845,16642.0,276.0,18,25351462,16509359,8842103,"44,212 km2 (17,070 sq mi)","573/km2 (1,480/sq mi)",879,Dense2
25-04-2020,Haryana,20270,17787.0,288.0,18,25351462,16509359,8842103,"44,212 km2 (17,070 sq mi)","573/km2 (1,480/sq mi)",879,Dense2
26-04-2020,Haryana,21467,19241.0,297.0,18,25351462,16509359,8842103,"44,212 km2 (17,070 sq mi)","573/km2 (1,480/sq mi)",879,Dense2
27-04-2020,Haryana,22993,20702.0,302.0,18,25351462,16509359,8842103,"44,212 km2 (17,070 sq mi)","573/km2 (1,480/sq mi)",879,Dense2
28-04-2020,Haryana,24826,22578.0,309.0,18,25351462,16509359,8842103,"44,212 km2 (17,070 sq mi)","573/km2 (1,480/sq mi)",879,Dense2
29-04-2020,Haryana,26148,24071.0,312.0,18,25351462,16509359,8842103,"44,212 km2 (17,070 sq mi)","573/km2 (1,480/sq mi)",879,Dense2
30-04-2020,Haryana,28202,25929.0,340.0,18,25351462,16509359,8842103,"44,212 km2 (17,070 sq mi)","573/km2 (1,480/sq mi)",879,Dense2
01-05-2020,Haryana,30191,27784.0,358.0,18,25351462,16509359,8842103,"44,212 km2 (17,070 sq mi)","573/km2 (1,480/sq mi)",879,Dense2
02-05-2020,Haryana,31200,28867.0,370.0,18,25351462,16509359,8842103,"44,212 km2 (17,070 sq mi)","573/km2 (1,480/sq mi)",879,Dense2
03-05-2020,Haryana,35278,32583.0,443.0,18,25351462,16509359,8842103,"44,212 km2 (17,070 sq mi)","573/km2 (1,480/sq mi)",879,Dense2
04-05-2020,Haryana,38183,34501.0,518.0,18,25351462,16509359,8842103,"44,212 km2 (17,070 sq mi)","573/km2 (1,480/sq mi)",879,Dense2
10-04-2020,Himachal Pradesh,900,870.0,31.0,20,6864602,6176050,688552,"55,673 km2 (21,495 sq mi)",123/km2 (320/sq mi),972,Dense1
11-04-2020,Himachal Pradesh,900,870.0,31.0,20,6864602,6176050,688552,"55,673 km2 (21,495 sq mi)",123/km2 (320/sq mi),972,Dense1
12-04-2020,Himachal Pradesh,1113,944.0,33.0,20,6864602,6176050,688552,"55,673 km2 (21,495 sq mi)",123/km2 (320/sq mi),972,Dense1
13-04-2020,Himachal Pradesh,1210,1109.0,33.0,20,6864602,6176050,688552,"55,673 km2 (21,495 sq mi)",123/km2 (320/sq mi),972,Dense1
14-04-2020,Himachal Pradesh,1311,1232.0,33.0,20,6864602,6176050,688552,"55,673 km2 (21,495 sq mi)",123/km2 (320/sq mi),972,Dense1
15-04-2020,Himachal Pradesh,1426,1391.0,36.0,20,6864602,6176050,688552,"55,673 km2 (21,495 sq mi)",123/km2 (320/sq mi),972,Dense1
16-04-2020,Himachal Pradesh,1604,1559.0,36.0,20,6864602,6176050,688552,"55,673 km2 (21,495 sq mi)",123/km2 (320/sq mi),972,Dense1
17-04-2020,Himachal Pradesh,1992,1740.0,37.0,20,6864602,6176050,688552,"55,673 km2 (21,495 sq mi)",123/km2 (320/sq mi),972,Dense1
18-04-2020,Himachal Pradesh,2207,2091.0,40.0,20,6864602,6176050,688552,"55,673 km2 (21,495 sq mi)",123/km2 (320/sq mi),972,Dense1
19-04-2020,Himachal Pradesh,2553,2337.0,40.0,20,6864602,6176050,688552,"55,673 km2 (21,495 sq mi)",123/km2 (320/sq mi),972,Dense1
20-04-2020,Himachal Pradesh,2892,2714.0,40.0,20,6864602,6176050,688552,"55,673 km2 (21,495 sq mi)",123/km2 (320/sq mi),972,Dense1
21-04-2020,Himachal Pradesh,3341,2933.0,40.0,20,6864602,6176050,688552,"55,673 km2 (21,495 sq mi)",123/km2 (320/sq mi),972,Dense1
22-04-2020,Himachal Pradesh,3700,3510.0,40.0,20,6864602,6176050,688552,"55,673 km2 (21,495 sq mi)",123/km2 (320/sq mi),972,Dense1
23-04-2020,Himachal Pradesh,4020,3943.0,41.0,20,6864602,6176050,688552,"55,673 km2 (21,495 sq mi)",123/km2 (320/sq mi),972,Dense1
24-04-2020,Himachal Pradesh,4328,4160.0,41.0,20,6864602,6176050,688552,"55,673 km2 (21,495 sq mi)",123/km2 (320/sq mi),972,Dense1
25-04-2020,Himachal Pradesh,4623,4363.0,41.0,20,6864602,6176050,688552,"55,673 km2 (21,495 sq mi)",123/km2 (320/sq mi),972,Dense1
26-04-2020,Himachal Pradesh,4901,4794.0,41.0,20,6864602,6176050,688552,"55,673 km2 (21,495 sq mi)",123/km2 (320/sq mi),972,Dense1
27-04-2020,Himachal Pradesh,5106,5022.0,41.0,20,6864602,6176050,688552,"55,673 km2 (21,495 sq mi)",123/km2 (320/sq mi),972,Dense1
28-04-2020,Himachal Pradesh,5391,5344.0,41.0,20,6864602,6176050,688552,"55,673 km2 (21,495 sq mi)",123/km2 (320/sq mi),972,Dense1
29-04-2020,Himachal Pradesh,5772,5726.0,41.0,20,6864602,6176050,688552,"55,673 km2 (21,495 sq mi)",123/km2 (320/sq mi),972,Dense1
30-04-2020,Himachal Pradesh,6133,6091.0,41.0,20,6864602,6176050,688552,"55,673 km2 (21,495 sq mi)",123/km2 (320/sq mi),972,Dense1
01-05-2020,Himachal Pradesh,6472,6432.0,41.0,20,6864602,6176050,688552,"55,673 km2 (21,495 sq mi)",123/km2 (320/sq mi),972,Dense1
02-05-2020,Himachal Pradesh,6836,6791.0,41.0,20,6864602,6176050,688552,"55,673 km2 (21,495 sq mi)",123/km2 (320/sq mi),972,Dense1
03-05-2020,Himachal Pradesh,7185,7133.0,41.0,20,6864602,6176050,688552,"55,673 km2 (21,495 sq mi)",123/km2 (320/sq mi),972,Dense1
04-05-2020,Himachal Pradesh,7430,7320.0,42.0,20,6864602,6176050,688552,"55,673 km2 (21,495 sq mi)",123/km2 (320/sq mi),972,Dense1
05-05-2020,Himachal Pradesh,7898,7543.0,40.0,20,6864602,6176050,688552,"55,673 km2 (21,495 sq mi)",123/km2 (320/sq mi),972,Dense1
05-04-2020,Jammu and Kashmir,1551,1429.0,107.0,30,12267032,9064220,3202812,"125,535 km2 (48,469 sq mi)",98/km2 (250/sq mi),890,Dense1
10-04-2020,Jammu and Kashmir,2961,2754.0,208.0,30,12267032,9064220,3202812,"125,535 km2 (48,469 sq mi)",98/km2 (250/sq mi),890,Dense1
11-04-2020,Jammu and Kashmir,3206,2982.0,225.0,30,12267032,9064220,3202812,"125,535 km2 (48,469 sq mi)",98/km2 (250/sq mi),890,Dense1
12-04-2020,Jammu and Kashmir,3600,3355.0,246.0,30,12267032,9064220,3202812,"125,535 km2 (48,469 sq mi)",98/km2 (250/sq mi),890,Dense1
13-04-2020,Jammu and Kashmir,4065,3795.0,271.0,30,12267032,9064220,3202812,"125,535 km2 (48,469 sq mi)",98/km2 (250/sq mi),890,Dense1
14-04-2020,Jammu and Kashmir,4619,4341.0,279.0,30,12267032,9064220,3202812,"125,535 km2 (48,469 sq mi)",98/km2 (250/sq mi),890,Dense1
15-04-2020,Jammu and Kashmir,5171,4871.0,301.0,30,12267032,9064220,3202812,"125,535 km2 (48,469 sq mi)",98/km2 (250/sq mi),890,Dense1
16-04-2020,Jammu and Kashmir,5680,5366.0,315.0,30,12267032,9064220,3202812,"125,535 km2 (48,469 sq mi)",98/km2 (250/sq mi),890,Dense1
17-04-2020,Jammu and Kashmir,6438,6110.0,329.0,30,12267032,9064220,3202812,"125,535 km2 (48,469 sq mi)",98/km2 (250/sq mi),890,Dense1
18-04-2020,Jammu and Kashmir,6937,6596.0,342.0,30,12267032,9064220,3202812,"125,535 km2 (48,469 sq mi)",98/km2 (250/sq mi),890,Dense1
19-04-2020,Jammu and Kashmir,7895,7545.0,351.0,30,12267032,9064220,3202812,"125,535 km2 (48,469 sq mi)",98/km2 (250/sq mi),890,Dense1
20-04-2020,Jammu and Kashmir,8612,8244.0,369.0,30,12267032,9064220,3202812,"125,535 km2 (48,469 sq mi)",98/km2 (250/sq mi),890,Dense1
21-04-2020,Jammu and Kashmir,9220,8840.0,381.0,30,12267032,9064220,3202812,"125,535 km2 (48,469 sq mi)",98/km2 (250/sq mi),890,Dense1
22-04-2020,Jammu and Kashmir,10039,9632.0,408.0,30,12267032,9064220,3202812,"125,535 km2 (48,469 sq mi)",98/km2 (250/sq mi),890,Dense1
23-04-2020,Jammu and Kashmir,10977,10550.0,428.0,30,12267032,9064220,3202812,"125,535 km2 (48,469 sq mi)",98/km2 (250/sq mi),890,Dense1
24-04-2020,Jammu and Kashmir,11764,11310.0,455.0,30,12267032,9064220,3202812,"125,535 km2 (48,469 sq mi)",98/km2 (250/sq mi),890,Dense1
25-04-2020,Jammu and Kashmir,12835,12341.0,495.0,30,12267032,9064220,3202812,"125,535 km2 (48,469 sq mi)",98/km2 (250/sq mi),890,Dense1
26-04-2020,Jammu and Kashmir,13959,13436.0,524.0,30,12267032,9064220,3202812,"125,535 km2 (48,469 sq mi)",98/km2 (250/sq mi),890,Dense1
27-04-2020,Jammu and Kashmir,14988,14442.0,547.0,30,12267032,9064220,3202812,"125,535 km2 (48,469 sq mi)",98/km2 (250/sq mi),890,Dense1
28-04-2020,Jammu and Kashmir,16619,16054.0,566.0,30,12267032,9064220,3202812,"125,535 km2 (48,469 sq mi)",98/km2 (250/sq mi),890,Dense1
29-04-2020,Jammu and Kashmir,18450,17869.0,582.0,30,12267032,9064220,3202812,"125,535 km2 (48,469 sq mi)",98/km2 (250/sq mi),890,Dense1
30-04-2020,Jammu and Kashmir,19746,19132.0,615.0,30,12267032,9064220,3202812,"125,535 km2 (48,469 sq mi)",98/km2 (250/sq mi),890,Dense1
01-05-2020,Jammu and Kashmir,21695,21056.0,640.0,30,12267032,9064220,3202812,"125,535 km2 (48,469 sq mi)",98/km2 (250/sq mi),890,Dense1
02-05-2020,Jammu and Kashmir,23406,22794.0,667.0,30,12267032,9064220,3202812,"125,535 km2 (48,469 sq mi)",98/km2 (250/sq mi),890,Dense1
03-05-2020,Jammu and Kashmir,26038,25337.0,702.0,30,12267032,9064220,3202812,"125,535 km2 (48,469 sq mi)",98/km2 (250/sq mi),890,Dense1
04-05-2020,Jammu and Kashmir,28199,27473.0,727.0,30,12267032,9064220,3202812,"125,535 km2 (48,469 sq mi)",98/km2 (250/sq mi),890,Dense1
10-04-2020,Jharkhand,1340,1326.0,15.0,14,32988134,25055073,7933061,"79,714 km2 (30,778 sq mi)","414/km2 (1,070/sq mi)",948,Dense2
11-04-2020,Jharkhand,1546,1529.0,18.0,14,32988134,25055073,7933061,"79,714 km2 (30,778 sq mi)","414/km2 (1,070/sq mi)",948,Dense2
12-04-2020,Jharkhand,1683,1666.0,18.0,14,32988134,25055073,7933061,"79,714 km2 (30,778 sq mi)","414/km2 (1,070/sq mi)",948,Dense2
13-04-2020,Jharkhand,1982,1963.0,20.0,14,32988134,25055073,7933061,"79,714 km2 (30,778 sq mi)","414/km2 (1,070/sq mi)",948,Dense2
14-04-2020,Jharkhand,2334,2307.0,28.0,14,32988134,25055073,7933061,"79,714 km2 (30,778 sq mi)","414/km2 (1,070/sq mi)",948,Dense2
17-04-2020,Jharkhand,3143,3111.0,33.0,14,32988134,25055073,7933061,"79,714 km2 (30,778 sq mi)","414/km2 (1,070/sq mi)",948,Dense2
18-04-2020,Jharkhand,3431,3398.0,34.0,14,32988134,25055073,7933061,"79,714 km2 (30,778 sq mi)","414/km2 (1,070/sq mi)",948,Dense2
19-04-2020,Jharkhand,3646,3608.0,39.0,14,32988134,25055073,7933061,"79,714 km2 (30,778 sq mi)","414/km2 (1,070/sq mi)",948,Dense2
20-04-2020,Jharkhand,4235,4190.0,46.0,14,32988134,25055073,7933061,"79,714 km2 (30,778 sq mi)","414/km2 (1,070/sq mi)",948,Dense2
22-04-2020,Jharkhand,5176,5127.0,50.0,14,32988134,25055073,7933061,"79,714 km2 (30,778 sq mi)","414/km2 (1,070/sq mi)",948,Dense2
23-04-2020,Jharkhand,5380,5327.0,54.0,14,32988134,25055073,7933061,"79,714 km2 (30,778 sq mi)","414/km2 (1,070/sq mi)",948,Dense2
24-04-2020,Jharkhand,6162,6105.0,58.0,14,32988134,25055073,7933061,"79,714 km2 (30,778 sq mi)","414/km2 (1,070/sq mi)",948,Dense2
25-04-2020,Jharkhand,6970,6903.0,68.0,14,32988134,25055073,7933061,"79,714 km2 (30,778 sq mi)","414/km2 (1,070/sq mi)",948,Dense2
26-04-2020,Jharkhand,7806,7724.0,83.0,14,32988134,25055073,7933061,"79,714 km2 (30,778 sq mi)","414/km2 (1,070/sq mi)",948,Dense2
27-04-2020,Jharkhand,8757,8654.0,104.0,14,32988134,25055073,7933061,"79,714 km2 (30,778 sq mi)","414/km2 (1,070/sq mi)",948,Dense2
28-04-2020,Jharkhand,9408,9303.0,106.0,14,32988134,25055073,7933061,"79,714 km2 (30,778 sq mi)","414/km2 (1,070/sq mi)",948,Dense2
29-04-2020,Jharkhand,10268,10161.0,108.0,14,32988134,25055073,7933061,"79,714 km2 (30,778 sq mi)","414/km2 (1,070/sq mi)",948,Dense2
30-04-2020,Jharkhand,10987,10878.0,110.0,14,32988134,25055073,7933061,"79,714 km2 (30,778 sq mi)","414/km2 (1,070/sq mi)",948,Dense2
01-05-2020,Jharkhand,11771,11658.0,114.0,14,32988134,25055073,7933061,"79,714 km2 (30,778 sq mi)","414/km2 (1,070/sq mi)",948,Dense2
02-05-2020,Jharkhand,12393,12278.0,116.0,14,32988134,25055073,7933061,"79,714 km2 (30,778 sq mi)","414/km2 (1,070/sq mi)",948,Dense2
03-05-2020,Jharkhand,13055,12940.0,116.0,14,32988134,25055073,7933061,"79,714 km2 (30,778 sq mi)","414/km2 (1,070/sq mi)",948,Dense2
04-05-2020,Jharkhand,13832,13717.0,116.0,14,32988134,25055073,7933061,"79,714 km2 (30,778 sq mi)","414/km2 (1,070/sq mi)",948,Dense2
03-04-2020,Karnataka,4587,4281.0,129.0,8,61095297,37469335,23625962,"191,791 km2 (74,051 sq mi)",319/km2 (830/sq mi),973,Dense2
07-04-2020,Karnataka,6580,5942.0,176.0,8,61095297,37469335,23625962,"191,791 km2 (74,051 sq mi)",319/km2 (830/sq mi),973,Dense2
08-04-2020,Karnataka,6967,6473.0,182.0,8,61095297,37469335,23625962,"191,791 km2 (74,051 sq mi)",319/km2 (830/sq mi),973,Dense2
09-04-2020,Karnataka,7613,7176.0,198.0,8,61095297,37469335,23625962,"191,791 km2 (74,051 sq mi)",319/km2 (830/sq mi),973,Dense2
10-04-2020,Karnataka,7975,7673.0,208.0,8,61095297,37469335,23625962,"191,791 km2 (74,051 sq mi)",319/km2 (830/sq mi),973,Dense2
11-04-2020,Karnataka,8560,8231.0,216.0,8,61095297,37469335,23625962,"191,791 km2 (74,051 sq mi)",319/km2 (830/sq mi),973,Dense2
12-04-2020,Karnataka,9251,8831.0,233.0,8,61095297,37469335,23625962,"191,791 km2 (74,051 sq mi)",319/km2 (830/sq mi),973,Dense2
13-04-2020,Karnataka,10017,9572.0,248.0,8,61095297,37469335,23625962,"191,791 km2 (74,051 sq mi)",319/km2 (830/sq mi),973,Dense2
14-04-2020,Karnataka,11107,10554.0,261.0,8,61095297,37469335,23625962,"191,791 km2 (74,051 sq mi)",319/km2 (830/sq mi),973,Dense2
15-04-2020,Karnataka,12483,11905.0,280.0,8,61095297,37469335,23625962,"191,791 km2 (74,051 sq mi)",319/km2 (830/sq mi),973,Dense2
16-04-2020,Karnataka,13724,13074.0,316.0,8,61095297,37469335,23625962,"191,791 km2 (74,051 sq mi)",319/km2 (830/sq mi),973,Dense2
17-04-2020,Karnataka,17594,14606.0,360.0,8,61095297,37469335,23625962,"191,791 km2 (74,051 sq mi)",319/km2 (830/sq mi),973,Dense2
18-04-2020,Karnataka,19186,15658.0,385.0,8,61095297,37469335,23625962,"191,791 km2 (74,051 sq mi)",319/km2 (830/sq mi),973,Dense2
19-04-2020,Karnataka,21367,17662.0,391.0,8,61095297,37469335,23625962,"191,791 km2 (74,051 sq mi)",319/km2 (830/sq mi),973,Dense2
20-04-2020,Karnataka,23460,19497.0,409.0,8,61095297,37469335,23625962,"191,791 km2 (74,051 sq mi)",319/km2 (830/sq mi),973,Dense2
21-04-2020,Karnataka,26233,22222.0,419.0,8,61095297,37469335,23625962,"191,791 km2 (74,051 sq mi)",319/km2 (830/sq mi),973,Dense2
22-04-2020,Karnataka,29512,25424.0,428.0,8,61095297,37469335,23625962,"191,791 km2 (74,051 sq mi)",319/km2 (830/sq mi),973,Dense2
23-04-2020,Karnataka,32122,28174.0,446.0,8,61095297,37469335,23625962,"191,791 km2 (74,051 sq mi)",319/km2 (830/sq mi),973,Dense2
24-04-2020,Karnataka,35958,31914.0,475.0,8,61095297,37469335,23625962,"191,791 km2 (74,051 sq mi)",319/km2 (830/sq mi),973,Dense2
25-04-2020,Karnataka,39083,34888.0,501.0,8,61095297,37469335,23625962,"191,791 km2 (74,051 sq mi)",319/km2 (830/sq mi),973,Dense2
26-04-2020,Karnataka,42964,38207.0,504.0,8,61095297,37469335,23625962,"191,791 km2 (74,051 sq mi)",319/km2 (830/sq mi),973,Dense2
27-04-2020,Karnataka,45685,43791.0,513.0,8,61095297,37469335,23625962,"191,791 km2 (74,051 sq mi)",319/km2 (830/sq mi),973,Dense2
28-04-2020,Karnataka,50512,48508.0,524.0,8,61095297,37469335,23625962,"191,791 km2 (74,051 sq mi)",319/km2 (830/sq mi),973,Dense2
29-04-2020,Karnataka,55404,53241.0,536.0,8,61095297,37469335,23625962,"191,791 km2 (74,051 sq mi)",319/km2 (830/sq mi),973,Dense2
30-04-2020,Karnataka,60156,57548.0,566.0,8,61095297,37469335,23625962,"191,791 km2 (74,051 sq mi)",319/km2 (830/sq mi),973,Dense2
01-05-2020,Karnataka,64898,61855.0,590.0,8,61095297,37469335,23625962,"191,791 km2 (74,051 sq mi)",319/km2 (830/sq mi),973,Dense2
02-05-2020,Karnataka,69730,66475.0,602.0,8,61095297,37469335,23625962,"191,791 km2 (74,051 sq mi)",319/km2 (830/sq mi),973,Dense2
03-05-2020,Karnataka,74898,70998.0,615.0,8,61095297,37469335,23625962,"191,791 km2 (74,051 sq mi)",319/km2 (830/sq mi),973,Dense2
04-05-2020,Karnataka,79193,74664.0,652.0,8,61095297,37469335,23625962,"191,791 km2 (74,051 sq mi)",319/km2 (830/sq mi),973,Dense2
05-05-2020,Karnataka,83806,78860.0,674.0,8,61095297,37469335,23625962,"191,791 km2 (74,051 sq mi)",319/km2 (830/sq mi),973,Dense2
01-04-2020,Kerala,7965,7256.0,266.0,13,33406061,17471135,15934926,"38,863 km2 (15,005 sq mi)","859/km2 (2,220/sq mi)",1084,Dense3
02-04-2020,Kerala,8456,7622.0,287.0,13,33406061,17471135,15934926,"38,863 km2 (15,005 sq mi)","859/km2 (2,220/sq mi)",1084,Dense3
03-04-2020,Kerala,9139,8126.0,296.0,13,33406061,17471135,15934926,"38,863 km2 (15,005 sq mi)","859/km2 (2,220/sq mi)",1084,Dense3
04-02-2020,Kerala,9744,8586.0,307.0,13,33406061,17471135,15934926,"38,863 km2 (15,005 sq mi)","859/km2 (2,220/sq mi)",1084,Dense3
05-04-2020,Kerala,10221,9300.0,315.0,13,33406061,17471135,15934926,"38,863 km2 (15,005 sq mi)","859/km2 (2,220/sq mi)",1084,Dense3
06-04-2020,Kerala,10716,9607.0,328.0,13,33406061,17471135,15934926,"38,863 km2 (15,005 sq mi)","859/km2 (2,220/sq mi)",1084,Dense3
07-04-2020,Kerala,11232,10250.0,337.0,13,33406061,17471135,15934926,"38,863 km2 (15,005 sq mi)","859/km2 (2,220/sq mi)",1084,Dense3
08-04-2020,Kerala,11986,10906.0,355.0,13,33406061,17471135,15934926,"38,863 km2 (15,005 sq mi)","859/km2 (2,220/sq mi)",1084,Dense3
09-04-2020,Kerala,12710,11469.0,259.0,13,33406061,17471135,15934926,"38,863 km2 (15,005 sq mi)","859/km2 (2,220/sq mi)",1084,Dense3
09-04-2020,Kerala,12710,11469.0,358.0,13,33406061,17471135,15934926,"38,863 km2 (15,005 sq mi)","859/km2 (2,220/sq mi)",1084,Dense3
10-04-2020,Kerala,13339,12335.0,365.0,13,33406061,17471135,15934926,"38,863 km2 (15,005 sq mi)","859/km2 (2,220/sq mi)",1084,Dense3
11-04-2020,Kerala,14163,12818.0,374.0,13,33406061,17471135,15934926,"38,863 km2 (15,005 sq mi)","859/km2 (2,220/sq mi)",1084,Dense3
12-04-2020,Kerala,14989,13802.0,376.0,13,33406061,17471135,15934926,"38,863 km2 (15,005 sq mi)","859/km2 (2,220/sq mi)",1084,Dense3
13-04-2020,Kerala,15683,14829.0,379.0,13,33406061,17471135,15934926,"38,863 km2 (15,005 sq mi)","859/km2 (2,220/sq mi)",1084,Dense3
14-04-2020,Kerala,16235,15488.0,387.0,13,33406061,17471135,15934926,"38,863 km2 (15,005 sq mi)","859/km2 (2,220/sq mi)",1084,Dense3
15-04-2020,Kerala,16475,16002.0,388.0,13,33406061,17471135,15934926,"38,863 km2 (15,005 sq mi)","859/km2 (2,220/sq mi)",1084,Dense3
16-04-2020,Kerala,17400,16459.0,395.0,13,33406061,17471135,15934926,"38,863 km2 (15,005 sq mi)","859/km2 (2,220/sq mi)",1084,Dense3
17-04-2020,Kerala,18029,17279.0,396.0,13,33406061,17471135,15934926,"38,863 km2 (15,005 sq mi)","859/km2 (2,220/sq mi)",1084,Dense3
18-04-2020,Kerala,18774,17763.0,400.0,13,33406061,17471135,15934926,"38,863 km2 (15,005 sq mi)","859/km2 (2,220/sq mi)",1084,Dense3
19-04-2020,Kerala,19351,18547.0,402.0,13,33406061,17471135,15934926,"38,863 km2 (15,005 sq mi)","859/km2 (2,220/sq mi)",1084,Dense3
20-04-2020,Kerala,19756,19074.0,409.0,13,33406061,17471135,15934926,"38,863 km2 (15,005 sq mi)","859/km2 (2,220/sq mi)",1084,Dense3
21-04-2020,Kerala,20252,19442.0,427.0,13,33406061,17471135,15934926,"38,863 km2 (15,005 sq mi)","859/km2 (2,220/sq mi)",1084,Dense3
22-04-2020,Kerala,20821,19998.0,438.0,13,33406061,17471135,15934926,"38,863 km2 (15,005 sq mi)","859/km2 (2,220/sq mi)",1084,Dense3
23-04-2020,Kerala,21334,20326.0,448.0,13,33406061,17471135,15934926,"38,863 km2 (15,005 sq mi)","859/km2 (2,220/sq mi)",1084,Dense3
24-04-2020,Kerala,21940,20830.0,451.0,13,33406061,17471135,15934926,"38,863 km2 (15,005 sq mi)","859/km2 (2,220/sq mi)",1084,Dense3
25-04-2020,Kerala,22360,21475.0,458.0,13,33406061,17471135,15934926,"38,863 km2 (15,005 sq mi)","859/km2 (2,220/sq mi)",1084,Dense3
26-04-2020,Kerala,22954,21997.0,469.0,13,33406061,17471135,15934926,"38,863 km2 (15,005 sq mi)","859/km2 (2,220/sq mi)",1084,Dense3
27-04-2020,Kerala,23271,22537.0,482.0,13,33406061,17471135,15934926,"38,863 km2 (15,005 sq mi)","859/km2 (2,220/sq mi)",1084,Dense3
28-04-2020,Kerala,23980,23277.0,486.0,13,33406061,17471135,15934926,"38,863 km2 (15,005 sq mi)","859/km2 (2,220/sq mi)",1084,Dense3
29-04-2020,Kerala,24952,23880.0,496.0,13,33406061,17471135,15934926,"38,863 km2 (15,005 sq mi)","859/km2 (2,220/sq mi)",1084,Dense3
30-04-2020,Kerala,25973,25135.0,498.0,13,33406061,17471135,15934926,"38,863 km2 (15,005 sq mi)","859/km2 (2,220/sq mi)",1084,Dense3
01-05-2020,Kerala,27150,26225.0,498.0,13,33406061,17471135,15934926,"38,863 km2 (15,005 sq mi)","859/km2 (2,220/sq mi)",1084,Dense3
02-05-2020,Kerala,31183,30358.0,500.0,13,33406061,17471135,15934926,"38,863 km2 (15,005 sq mi)","859/km2 (2,220/sq mi)",1084,Dense3
03-05-2020,Kerala,32217,31611.0,500.0,13,33406061,17471135,15934926,"38,863 km2 (15,005 sq mi)","859/km2 (2,220/sq mi)",1084,Dense3
04-05-2020,Kerala,33010,32315.0,500.0,13,33406061,17471135,15934926,"38,863 km2 (15,005 sq mi)","859/km2 (2,220/sq mi)",1084,Dense3
13-04-2020,Ladakh,618,,18.0,35,274000,43840,230160,"96,701 km2 (37,336 sq mi)",2.8/km2 (7.3/sq mi),853,Dense1
14-04-2020,Ladakh,760,615.0,18.0,35,274000,43840,230160,"96,701 km2 (37,336 sq mi)",2.8/km2 (7.3/sq mi),853,Dense1
15-04-2020,Ladakh,820,657.0,19.0,35,274000,43840,230160,"96,701 km2 (37,336 sq mi)",2.8/km2 (7.3/sq mi),853,Dense1
16-04-2020,Ladakh,917,695.0,19.0,35,274000,43840,230160,"96,701 km2 (37,336 sq mi)",2.8/km2 (7.3/sq mi),853,Dense1
19-04-2020,Ladakh,991,797.0,19.0,35,274000,43840,230160,"96,701 km2 (37,336 sq mi)",2.8/km2 (7.3/sq mi),853,Dense1
21-04-2020,Ladakh,1137,896.0,19.0,35,274000,43840,230160,"96,701 km2 (37,336 sq mi)",2.8/km2 (7.3/sq mi),853,Dense1
29-04-2020,Ladakh,1949,1299.0,23.0,35,274000,43840,230160,"96,701 km2 (37,336 sq mi)",2.8/km2 (7.3/sq mi),853,Dense1
30-04-2020,Ladakh,2245,1384.0,23.0,35,274000,43840,230160,"96,701 km2 (37,336 sq mi)",2.8/km2 (7.3/sq mi),853,Dense1
01-05-2020,Ladakh,2430,1545.0,23.0,35,274000,43840,230160,"96,701 km2 (37,336 sq mi)",2.8/km2 (7.3/sq mi),853,Dense1
02-05-2020,Ladakh,2434,1618.0,24.0,35,274000,43840,230160,"96,701 km2 (37,336 sq mi)",2.8/km2 (7.3/sq mi),853,Dense1
03-05-2020,Ladakh,2434,1674.0,42.0,35,274000,43840,230160,"96,701 km2 (37,336 sq mi)",2.8/km2 (7.3/sq mi),853,Dense1
04-05-2020,Ladakh,2639,1879.0,42.0,35,274000,43840,230160,"96,701 km2 (37,336 sq mi)",2.8/km2 (7.3/sq mi),853,Dense1
05-04-2020,Madhya Pradesh,2812,1954.0,194.0,5,72626809,52557404,20069405,"308,245 km2 (119,014 sq mi)",236/km2 (610/sq mi),931,Dense1
07-04-2020,Madhya Pradesh,3770,3125.0,291.0,5,72626809,52557404,20069405,"308,245 km2 (119,014 sq mi)",236/km2 (610/sq mi),931,Dense1
08-04-2020,Madhya Pradesh,4056,3443.0,342.0,5,72626809,52557404,20069405,"308,245 km2 (119,014 sq mi)",236/km2 (610/sq mi),931,Dense1
09-04-2020,Madhya Pradesh,5135,3989.0,412.0,5,72626809,52557404,20069405,"308,245 km2 (119,014 sq mi)",236/km2 (610/sq mi),931,Dense1
10-04-2020,Madhya Pradesh,7049,4840.0,452.0,5,72626809,52557404,20069405,"308,245 km2 (119,014 sq mi)",236/km2 (610/sq mi),931,Dense1
11-04-2020,Madhya Pradesh,8516,5790.0,530.0,5,72626809,52557404,20069405,"308,245 km2 (119,014 sq mi)",236/km2 (610/sq mi),931,Dense1
12-04-2020,Madhya Pradesh,10481,6875.0,563.0,5,72626809,52557404,20069405,"308,245 km2 (119,014 sq mi)",236/km2 (610/sq mi),931,Dense1
13-04-2020,Madhya Pradesh,10481,6875.0,615.0,5,72626809,52557404,20069405,"308,245 km2 (119,014 sq mi)",236/km2 (610/sq mi),931,Dense1
14-04-2020,Madhya Pradesh,8105,7103.0,742.0,5,72626809,52557404,20069405,"308,245 km2 (119,014 sq mi)",236/km2 (610/sq mi),931,Dense1
15-04-2020,Madhya Pradesh,9596,8658.0,939.0,5,72626809,52557404,20069405,"308,245 km2 (119,014 sq mi)",236/km2 (610/sq mi),931,Dense1
16-04-2020,Madhya Pradesh,13492,12326.0,1165.0,5,72626809,52557404,20069405,"308,245 km2 (119,014 sq mi)",236/km2 (610/sq mi),931,Dense1
17-04-2020,Madhya Pradesh,15302,13992.0,1311.0,5,72626809,52557404,20069405,"308,245 km2 (119,014 sq mi)",236/km2 (610/sq mi),931,Dense1
18-04-2020,Madhya Pradesh,14978,13576.0,1403.0,5,72626809,52557404,20069405,"308,245 km2 (119,014 sq mi)",236/km2 (610/sq mi),931,Dense1
19-04-2020,Madhya Pradesh,17835,16428.0,1408.0,5,72626809,52557404,20069405,"308,245 km2 (119,014 sq mi)",236/km2 (610/sq mi),931,Dense1
20-04-2020,Madhya Pradesh,19142,17657.0,1486.0,5,72626809,52557404,20069405,"308,245 km2 (119,014 sq mi)",236/km2 (610/sq mi),931,Dense1
21-04-2020,Madhya Pradesh,20905,19353.0,1553.0,5,72626809,52557404,20069405,"308,245 km2 (119,014 sq mi)",236/km2 (610/sq mi),931,Dense1
22-04-2020,Madhya Pradesh,22664,21077.0,1588.0,5,72626809,52557404,20069405,"308,245 km2 (119,014 sq mi)",236/km2 (610/sq mi),931,Dense1
23-04-2020,Madhya Pradesh,24548,22861.0,1688.0,5,72626809,52557404,20069405,"308,245 km2 (119,014 sq mi)",236/km2 (610/sq mi),931,Dense1
24-04-2020,Madhya Pradesh,26233,24387.0,1847.0,5,72626809,52557404,20069405,"308,245 km2 (119,014 sq mi)",236/km2 (610/sq mi),931,Dense1
25-04-2020,Madhya Pradesh,27866,25921.0,1946.0,5,72626809,52557404,20069405,"308,245 km2 (119,014 sq mi)",236/km2 (610/sq mi),931,Dense1
26-04-2020,Madhya Pradesh,25232,21716.0,2091.0,5,72626809,52557404,20069405,"308,245 km2 (119,014 sq mi)",236/km2 (610/sq mi),931,Dense1
27-04-2020,Madhya Pradesh,27009,23500.0,2166.0,5,72626809,52557404,20069405,"308,245 km2 (119,014 sq mi)",236/km2 (610/sq mi),931,Dense1
28-04-2020,Madhya Pradesh,31060,26159.0,2388.0,5,72626809,52557404,20069405,"308,245 km2 (119,014 sq mi)",236/km2 (610/sq mi),931,Dense1
29-04-2020,Madhya Pradesh,33837,29261.0,2561.0,5,72626809,52557404,20069405,"308,245 km2 (119,014 sq mi)",236/km2 (610/sq mi),931,Dense1
30-04-2020,Madhya Pradesh,41712,29816.0,2626.0,5,72626809,52557404,20069405,"308,245 km2 (119,014 sq mi)",236/km2 (610/sq mi),931,Dense1
01-05-2020,Madhya Pradesh,44116,39353.0,2716.0,5,72626809,52557404,20069405,"308,245 km2 (119,014 sq mi)",236/km2 (610/sq mi),931,Dense1
02-05-2020,Madhya Pradesh,46578,41460.0,2789.0,5,72626809,52557404,20069405,"308,245 km2 (119,014 sq mi)",236/km2 (610/sq mi),931,Dense1
03-05-2020,Madhya Pradesh,49186,43937.0,2838.0,5,72626809,52557404,20069405,"308,245 km2 (119,014 sq mi)",236/km2 (610/sq mi),931,Dense1
04-05-2020,Madhya Pradesh,52095,46634.0,2943.0,5,72626809,52557404,20069405,"308,245 km2 (119,014 sq mi)",236/km2 (610/sq mi),931,Dense1
05-04-2020,Maharashtra,16008,14837.0,4677.0,2,112374333,61556074,50818259,"307,713 km2 (118,809 sq mi)",365/km2 (950/sq mi),929,Dense2
06-04-2020,Maharashtra,17563,15808.0,869.0,2,112374333,61556074,50818259,"307,713 km2 (118,809 sq mi)",365/km2 (950/sq mi),929,Dense2
07-04-2020,Maharashtra,20877,19290.0,1019.0,2,112374333,61556074,50818259,"307,713 km2 (118,809 sq mi)",365/km2 (950/sq mi),929,Dense2
09-04-2020,Maharashtra,20877,19290.0,869.0,2,112374333,61556074,50818259,"307,713 km2 (118,809 sq mi)",365/km2 (950/sq mi),929,Dense2
10-04-2020,Maharashtra,30000,28865.0,1136.0,2,112374333,61556074,50818259,"307,713 km2 (118,809 sq mi)",365/km2 (950/sq mi),929,Dense2
11-04-2020,Maharashtra,31841,30477.0,1762.0,2,112374333,61556074,50818259,"307,713 km2 (118,809 sq mi)",365/km2 (950/sq mi),929,Dense2
12-04-2020,Maharashtra,35668,34094.0,1762.0,2,112374333,61556074,50818259,"307,713 km2 (118,809 sq mi)",365/km2 (950/sq mi),929,Dense2
13-04-2020,Maharashtra,39725,37964.0,1997.0,2,112374333,61556074,50818259,"307,713 km2 (118,809 sq mi)",365/km2 (950/sq mi),929,Dense2
14-04-2020,Maharashtra,41071,39089.0,2341.0,2,112374333,61556074,50818259,"307,713 km2 (118,809 sq mi)",365/km2 (950/sq mi),929,Dense2
15-04-2020,Maharashtra,45142,42808.0,2691.0,2,112374333,61556074,50818259,"307,713 km2 (118,809 sq mi)",365/km2 (950/sq mi),929,Dense2
16-04-2020,Maharashtra,50882,48198.0,2917.0,2,112374333,61556074,50818259,"307,713 km2 (118,809 sq mi)",365/km2 (950/sq mi),929,Dense2
17-04-2020,Maharashtra,55678,52762.0,3205.0,2,112374333,61556074,50818259,"307,713 km2 (118,809 sq mi)",365/km2 (950/sq mi),929,Dense2
18-04-2020,Maharashtra,60166,56964.0,3324.0,2,112374333,61556074,50818259,"307,713 km2 (118,809 sq mi)",365/km2 (950/sq mi),929,Dense2
19-04-2020,Maharashtra,66796,63476.0,3652.0,2,112374333,61556074,50818259,"307,713 km2 (118,809 sq mi)",365/km2 (950/sq mi),929,Dense2
20-04-2020,Maharashtra,71321,67673.0,4205.0,2,112374333,61556074,50818259,"307,713 km2 (118,809 sq mi)",365/km2 (950/sq mi),929,Dense2
21-04-2020,Maharashtra,75838,71638.0,4677.0,2,112374333,61556074,50818259,"307,713 km2 (118,809 sq mi)",365/km2 (950/sq mi),929,Dense2
22-04-2020,Maharashtra,82304,77638.0,5230.0,2,112374333,61556074,50818259,"307,713 km2 (118,809 sq mi)",365/km2 (950/sq mi),929,Dense2
23-04-2020,Maharashtra,89197,83979.0,5219.0,2,112374333,61556074,50818259,"307,713 km2 (118,809 sq mi)",365/km2 (950/sq mi),929,Dense2
24-04-2020,Maharashtra,95210,89561.0,6428.0,2,112374333,61556074,50818259,"307,713 km2 (118,809 sq mi)",365/km2 (950/sq mi),929,Dense2
25-04-2020,Maharashtra,100912,94485.0,6818.0,2,112374333,61556074,50818259,"307,713 km2 (118,809 sq mi)",365/km2 (950/sq mi),929,Dense2
26-04-2020,Maharashtra,107979,101162.0,7929.0,2,112374333,61556074,50818259,"307,713 km2 (118,809 sq mi)",365/km2 (950/sq mi),929,Dense2
27-04-2020,Maharashtra,115147,107519.0,8069.0,2,112374333,61556074,50818259,"307,713 km2 (118,809 sq mi)",365/km2 (950/sq mi),929,Dense2
28-04-2020,Maharashtra,120620,112552.0,8591.0,2,112374333,61556074,50818259,"307,713 km2 (118,809 sq mi)",365/km2 (950/sq mi),929,Dense2
29-04-2020,Maharashtra,128726,120136.0,9319.0,2,112374333,61556074,50818259,"307,713 km2 (118,809 sq mi)",365/km2 (950/sq mi),929,Dense2
30-04-2020,Maharashtra,135694,126376.0,9916.0,2,112374333,61556074,50818259,"307,713 km2 (118,809 sq mi)",365/km2 (950/sq mi),929,Dense2
01-05-2020,Maharashtra,144159,134244.0,10499.0,2,112374333,61556074,50818259,"307,713 km2 (118,809 sq mi)",365/km2 (950/sq mi),929,Dense2
02-05-2020,Maharashtra,151085,140587.0,11507.0,2,112374333,61556074,50818259,"307,713 km2 (118,809 sq mi)",365/km2 (950/sq mi),929,Dense2
03-05-2020,Maharashtra,159754,148248.0,12297.0,2,112374333,61556074,50818259,"307,713 km2 (118,809 sq mi)",365/km2 (950/sq mi),929,Dense2
04-05-2020,Maharashtra,168374,156078.0,12975.0,2,112374333,61556074,50818259,"307,713 km2 (118,809 sq mi)",365/km2 (950/sq mi),929,Dense2
05-05-2020,Maharashtra,175323,162349.0,14542.0,2,112374333,61556074,50818259,"307,713 km2 (118,809 sq mi)",365/km2 (950/sq mi),929,Dense2
16-02-2020,Meghalaya,552,299.0,8.0,22,2966889,2371439,595450,"22,429 km2 (8,660 sq mi)",132/km2 (340/sq mi),989,Dense1
17-04-2020,Meghalaya,617,541.0,10.0,22,2966889,2371439,595450,"22,429 km2 (8,660 sq mi)",132/km2 (340/sq mi),989,Dense1
18-04-2020,Meghalaya,738,667.0,12.0,22,2966889,2371439,595450,"22,429 km2 (8,660 sq mi)",132/km2 (340/sq mi),989,Dense1
19-04-2020,Meghalaya,766,678.0,12.0,22,2966889,2371439,595450,"22,429 km2 (8,660 sq mi)",132/km2 (340/sq mi),989,Dense1
20-04-2020,Meghalaya,838,714.0,12.0,22,2966889,2371439,595450,"22,429 km2 (8,660 sq mi)",132/km2 (340/sq mi),989,Dense1
21-04-2020,Meghalaya,933,821.0,13.0,22,2966889,2371439,595450,"22,429 km2 (8,660 sq mi)",132/km2 (340/sq mi),989,Dense1
22-04-2020,Meghalaya,1046,904.0,13.0,22,2966889,2371439,595450,"22,429 km2 (8,660 sq mi)",132/km2 (340/sq mi),989,Dense1
23-04-2020,Meghalaya,1109,1000.0,13.0,22,2966889,2371439,595450,"22,429 km2 (8,660 sq mi)",132/km2 (340/sq mi),989,Dense1
24-04-2020,Meghalaya,1130,1048.0,13.0,22,2966889,2371439,595450,"22,429 km2 (8,660 sq mi)",132/km2 (340/sq mi),989,Dense1
25-04-2020,Meghalaya,1169,1097.0,13.0,22,2966889,2371439,595450,"22,429 km2 (8,660 sq mi)",132/km2 (340/sq mi),989,Dense1
27-04-2020,Meghalaya,1254,1182.0,13.0,22,2966889,2371439,595450,"22,429 km2 (8,660 sq mi)",132/km2 (340/sq mi),989,Dense1
28-04-2020,Meghalaya,1382,1202.0,13.0,22,2966889,2371439,595450,"22,429 km2 (8,660 sq mi)",132/km2 (340/sq mi),989,Dense1
29-04-2020,Meghalaya,1397,1288.0,13.0,22,2966889,2371439,595450,"22,429 km2 (8,660 sq mi)",132/km2 (340/sq mi),989,Dense1
30-04-2020,Meghalaya,1595,1433.0,13.0,22,2966889,2371439,595450,"22,429 km2 (8,660 sq mi)",132/km2 (340/sq mi),989,Dense1
02-05-2020,Meghalaya,1707,1655.0,13.0,22,2966889,2371439,595450,"22,429 km2 (8,660 sq mi)",132/km2 (340/sq mi),989,Dense1
04-05-2020,Meghalaya,1884,1782.0,13.0,22,2966889,2371439,595450,"22,429 km2 (8,660 sq mi)",132/km2 (340/sq mi),989,Dense1
06-04-2020,Mizoram,58,0.0,2.0,27,1097206,525435,571771,"21,081 km2 (8,139 sq mi)",52/km2 (130/sq mi),976,Dense1
07-04-2020,Mizoram,58,0.0,2.0,27,1097206,525435,571771,"21,081 km2 (8,139 sq mi)",52/km2 (130/sq mi),976,Dense1
08-04-2020,Mizoram,74,,2.0,27,1097206,525435,571771,"21,081 km2 (8,139 sq mi)",52/km2 (130/sq mi),976,Dense1
09-04-2020,Mizoram,84,,2.0,27,1097206,525435,571771,"21,081 km2 (8,139 sq mi)",52/km2 (130/sq mi),976,Dense1
12-04-2020,Mizoram,87,,2.0,27,1097206,525435,571771,"21,081 km2 (8,139 sq mi)",52/km2 (130/sq mi),976,Dense1
13-04-2020,Mizoram,89,,2.0,27,1097206,525435,571771,"21,081 km2 (8,139 sq mi)",52/km2 (130/sq mi),976,Dense1
14-04-2020,Mizoram,91,,2.0,27,1097206,525435,571771,"21,081 km2 (8,139 sq mi)",52/km2 (130/sq mi),976,Dense1
15-04-2020,Mizoram,94,,2.0,27,1097206,525435,571771,"21,081 km2 (8,139 sq mi)",52/km2 (130/sq mi),976,Dense1
16-04-2020,Mizoram,94,,2.0,27,1097206,525435,571771,"21,081 km2 (8,139 sq mi)",52/km2 (130/sq mi),976,Dense1
18-04-2020,Mizoram,102,,2.0,27,1097206,525435,571771,"21,081 km2 (8,139 sq mi)",52/km2 (130/sq mi),976,Dense1
19-04-2020,Mizoram,116,,2.0,27,1097206,525435,571771,"21,081 km2 (8,139 sq mi)",52/km2 (130/sq mi),976,Dense1
20-04-2020,Mizoram,132,,2.0,27,1097206,525435,571771,"21,081 km2 (8,139 sq mi)",52/km2 (130/sq mi),976,Dense1
21-04-2020,Mizoram,135,,2.0,27,1097206,525435,571771,"21,081 km2 (8,139 sq mi)",52/km2 (130/sq mi),976,Dense1
22-04-2020,Mizoram,135,,2.0,27,1097206,525435,571771,"21,081 km2 (8,139 sq mi)",52/km2 (130/sq mi),976,Dense1
23-04-2020,Mizoram,137,,2.0,27,1097206,525435,571771,"21,081 km2 (8,139 sq mi)",52/km2 (130/sq mi),976,Dense1
26-04-2020,Mizoram,146,,2.0,27,1097206,525435,571771,"21,081 km2 (8,139 sq mi)",52/km2 (130/sq mi),976,Dense1
27-04-2020,Mizoram,146,,2.0,27,1097206,525435,571771,"21,081 km2 (8,139 sq mi)",52/km2 (130/sq mi),976,Dense1
28-04-2020,Mizoram,158,,2.0,27,1097206,525435,571771,"21,081 km2 (8,139 sq mi)",52/km2 (130/sq mi),976,Dense1
29-04-2020,Mizoram,179,,2.0,27,1097206,525435,571771,"21,081 km2 (8,139 sq mi)",52/km2 (130/sq mi),976,Dense1
30-04-2020,Mizoram,180,,2.0,27,1097206,525435,571771,"21,081 km2 (8,139 sq mi)",52/km2 (130/sq mi),976,Dense1
01-05-2020,Mizoram,180,,2.0,27,1097206,525435,571771,"21,081 km2 (8,139 sq mi)",52/km2 (130/sq mi),976,Dense1
02-05-2020,Mizoram,183,,2.0,27,1097206,525435,571771,"21,081 km2 (8,139 sq mi)",52/km2 (130/sq mi),976,Dense1
03-05-2020,Mizoram,183,,2.0,27,1097206,525435,571771,"21,081 km2 (8,139 sq mi)",52/km2 (130/sq mi),976,Dense1
04-05-2020,Mizoram,183,,2.0,27,1097206,525435,571771,"21,081 km2 (8,139 sq mi)",52/km2 (130/sq mi),976,Dense1
06-04-2020,Nagaland,60,47.0,1.0,24,1978502,1407536,570966,"16,579 km2 (6,401 sq mi)",119/km2 (310/sq mi),931,Dense1
10-04-2020,Nagaland,70,69.0,1.0,24,1978502,1407536,570966,"16,579 km2 (6,401 sq mi)",119/km2 (310/sq mi),931,Dense1
11-04-2020,Nagaland,70,70.0,1.0,24,1978502,1407536,570966,"16,579 km2 (6,401 sq mi)",119/km2 (310/sq mi),931,Dense1
12-04-2020,Nagaland,74,70.0,1.0,24,1978502,1407536,570966,"16,579 km2 (6,401 sq mi)",119/km2 (310/sq mi),931,Dense1
14-04-2020,Nagaland,174,97.0,1.0,24,1978502,1407536,570966,"16,579 km2 (6,401 sq mi)",119/km2 (310/sq mi),931,Dense1
15-04-2020,Nagaland,184,174.0,1.0,24,1978502,1407536,570966,"16,579 km2 (6,401 sq mi)",119/km2 (310/sq mi),931,Dense1
17-04-2020,Nagaland,274,222.0,1.0,24,1978502,1407536,570966,"16,579 km2 (6,401 sq mi)",119/km2 (310/sq mi),931,Dense1
18-04-2020,Nagaland,392,292.0,1.0,24,1978502,1407536,570966,"16,579 km2 (6,401 sq mi)",119/km2 (310/sq mi),931,Dense1
19-04-2020,Nagaland,404,345.0,1.0,24,1978502,1407536,570966,"16,579 km2 (6,401 sq mi)",119/km2 (310/sq mi),931,Dense1
20-04-2020,Nagaland,434,404.0,1.0,24,1978502,1407536,570966,"16,579 km2 (6,401 sq mi)",119/km2 (310/sq mi),931,Dense1
21-04-2020,Nagaland,537,456.0,1.0,24,1978502,1407536,570966,"16,579 km2 (6,401 sq mi)",119/km2 (310/sq mi),931,Dense1
22-04-2020,Nagaland,543,481.0,1.0,24,1978502,1407536,570966,"16,579 km2 (6,401 sq mi)",119/km2 (310/sq mi),931,Dense1
23-04-2020,Nagaland,607,543.0,1.0,24,1978502,1407536,570966,"16,579 km2 (6,401 sq mi)",119/km2 (310/sq mi),931,Dense1
25-04-2020,Nagaland,613,607.0,1.0,24,1978502,1407536,570966,"16,579 km2 (6,401 sq mi)",119/km2 (310/sq mi),931,Dense1
26-04-2020,Nagaland,613,613.0,1.0,24,1978502,1407536,570966,"16,579 km2 (6,401 sq mi)",119/km2 (310/sq mi),931,Dense1
27-04-2020,Nagaland,629,613.0,1.0,24,1978502,1407536,570966,"16,579 km2 (6,401 sq mi)",119/km2 (310/sq mi),931,Dense1
28-04-2020,Nagaland,639,620.0,1.0,24,1978502,1407536,570966,"16,579 km2 (6,401 sq mi)",119/km2 (310/sq mi),931,Dense1
29-04-2020,Nagaland,644,631.0,1.0,24,1978502,1407536,570966,"16,579 km2 (6,401 sq mi)",119/km2 (310/sq mi),931,Dense1
30-04-2020,Nagaland,653,640.0,1.0,24,1978502,1407536,570966,"16,579 km2 (6,401 sq mi)",119/km2 (310/sq mi),931,Dense1
01-05-2020,Nagaland,664,650.0,1.0,24,1978502,1407536,570966,"16,579 km2 (6,401 sq mi)",119/km2 (310/sq mi),931,Dense1
02-05-2020,Nagaland,674,661.0,1.0,24,1978502,1407536,570966,"16,579 km2 (6,401 sq mi)",119/km2 (310/sq mi),931,Dense1
03-05-2020,Nagaland,684,663.0,1.0,24,1978502,1407536,570966,"16,579 km2 (6,401 sq mi)",119/km2 (310/sq mi),931,Dense1
04-05-2020,Nagaland,708,679.0,1.0,24,1978502,1407536,570966,"16,579 km2 (6,401 sq mi)",119/km2 (310/sq mi),931,Dense1
03-04-2020,Odisha,1395,1108.0,21.0,11,41974218,34970562,7003656,"155,707 km2 (60,119 sq mi)",269/km2 (700/sq mi),979,Dense1
07-04-2020,Odisha,2190,,41.0,11,41974218,34970562,7003656,"155,707 km2 (60,119 sq mi)",269/km2 (700/sq mi),979,Dense1
07-04-2020,Odisha,2441,,43.0,11,41974218,34970562,7003656,"155,707 km2 (60,119 sq mi)",269/km2 (700/sq mi),979,Dense1
08-04-2020,Odisha,2441,2399.0,43.0,11,41974218,34970562,7003656,"155,707 km2 (60,119 sq mi)",269/km2 (700/sq mi),979,Dense1
09-04-2020,Odisha,3249,3201.0,49.0,11,41974218,34970562,7003656,"155,707 km2 (60,119 sq mi)",269/km2 (700/sq mi),979,Dense1
10-04-2020,Odisha,3547,3497.0,51.0,11,41974218,34970562,7003656,"155,707 km2 (60,119 sq mi)",269/km2 (700/sq mi),979,Dense1
11-04-2020,Odisha,3551,3497.0,52.0,11,41974218,34970562,7003656,"155,707 km2 (60,119 sq mi)",269/km2 (700/sq mi),979,Dense1
12-04-2020,Odisha,3862,3808.0,55.0,11,41974218,34970562,7003656,"155,707 km2 (60,119 sq mi)",269/km2 (700/sq mi),979,Dense1
13-04-2020,Odisha,4170,4116.0,55.0,11,41974218,34970562,7003656,"155,707 km2 (60,119 sq mi)",269/km2 (700/sq mi),979,Dense1
14-04-2020,Odisha,4734,4678.0,57.0,11,41974218,34970562,7003656,"155,707 km2 (60,119 sq mi)",269/km2 (700/sq mi),979,Dense1
15-04-2020,Odisha,5537,5477.0,61.0,11,41974218,34970562,7003656,"155,707 km2 (60,119 sq mi)",269/km2 (700/sq mi),979,Dense1
16-04-2020,Odisha,6734,6674.0,61.0,11,41974218,34970562,7003656,"155,707 km2 (60,119 sq mi)",269/km2 (700/sq mi),979,Dense1
17-04-2020,Odisha,7577,7517.0,61.0,11,41974218,34970562,7003656,"155,707 km2 (60,119 sq mi)",269/km2 (700/sq mi),979,Dense1
18-04-2020,Odisha,8619,8559.0,61.0,11,41974218,34970562,7003656,"155,707 km2 (60,119 sq mi)",269/km2 (700/sq mi),979,Dense1
19-04-2020,Odisha,9690,9629.0,62.0,11,41974218,34970562,7003656,"155,707 km2 (60,119 sq mi)",269/km2 (700/sq mi),979,Dense1
20-04-2020,Odisha,10641,,69.0,11,41974218,34970562,7003656,"155,707 km2 (60,119 sq mi)",269/km2 (700/sq mi),979,Dense1
21-04-2020,Odisha,11748,,80.0,11,41974218,34970562,7003656,"155,707 km2 (60,119 sq mi)",269/km2 (700/sq mi),979,Dense1
22-04-2020,Odisha,13775,,84.0,11,41974218,34970562,7003656,"155,707 km2 (60,119 sq mi)",269/km2 (700/sq mi),979,Dense1
23-04-2020,Odisha,15984,,90.0,11,41974218,34970562,7003656,"155,707 km2 (60,119 sq mi)",269/km2 (700/sq mi),979,Dense1
24-04-2020,Odisha,18458,,95.0,11,41974218,34970562,7003656,"155,707 km2 (60,119 sq mi)",269/km2 (700/sq mi),979,Dense1
25-04-2020,Odisha,20599,,95.0,11,41974218,34970562,7003656,"155,707 km2 (60,119 sq mi)",269/km2 (700/sq mi),979,Dense1
26-04-2020,Odisha,22816,,104.0,11,41974218,34970562,7003656,"155,707 km2 (60,119 sq mi)",269/km2 (700/sq mi),979,Dense1
27-04-2020,Odisha,25103,,112.0,11,41974218,34970562,7003656,"155,707 km2 (60,119 sq mi)",269/km2 (700/sq mi),979,Dense1
28-04-2020,Odisha,26687,,119.0,11,41974218,34970562,7003656,"155,707 km2 (60,119 sq mi)",269/km2 (700/sq mi),979,Dense1
29-04-2020,Odisha,29108,,123.0,11,41974218,34970562,7003656,"155,707 km2 (60,119 sq mi)",269/km2 (700/sq mi),979,Dense1
30-04-2020,Odisha,31696,,143.0,11,41974218,34970562,7003656,"155,707 km2 (60,119 sq mi)",269/km2 (700/sq mi),979,Dense1
01-05-2020,Odisha,34133,,150.0,11,41974218,34970562,7003656,"155,707 km2 (60,119 sq mi)",269/km2 (700/sq mi),979,Dense1
02-05-2020,Odisha,36593,,158.0,11,41974218,34970562,7003656,"155,707 km2 (60,119 sq mi)",269/km2 (700/sq mi),979,Dense1
03-05-2020,Odisha,38658,,163.0,11,41974218,34970562,7003656,"155,707 km2 (60,119 sq mi)",269/km2 (700/sq mi),979,Dense1
04-05-2020,Odisha,41128,,170.0,11,41974218,34970562,7003656,"155,707 km2 (60,119 sq mi)",269/km2 (700/sq mi),979,Dense1
05-05-2020,Odisha,44663,,171.0,11,41974218,34970562,7003656,"155,707 km2 (60,119 sq mi)",269/km2 (700/sq mi),979,Dense1
18-04-2020,Puducherry,1207,1159.0,8.0,31,1247953,395200,852753,479 km2 (185 sq mi),"2,598/km2 (6,730/sq mi)",1037,Dense4
19-04-2020,Puducherry,1245,1214.0,8.0,31,1247953,395200,852753,479 km2 (185 sq mi),"2,598/km2 (6,730/sq mi)",1037,Dense4
20-04-2020,Puducherry,1272,1232.0,8.0,31,1247953,395200,852753,479 km2 (185 sq mi),"2,598/km2 (6,730/sq mi)",1037,Dense4
21-04-2020,Puducherry,1319,1272.0,8.0,31,1247953,395200,852753,479 km2 (185 sq mi),"2,598/km2 (6,730/sq mi)",1037,Dense4
22-04-2020,Puducherry,1473,1354.0,8.0,31,1247953,395200,852753,479 km2 (185 sq mi),"2,598/km2 (6,730/sq mi)",1037,Dense4
23-04-2020,Puducherry,1548,1513.0,8.0,31,1247953,395200,852753,479 km2 (185 sq mi),"2,598/km2 (6,730/sq mi)",1037,Dense4
24-04-2020,Puducherry,1704,1657.0,8.0,31,1247953,395200,852753,479 km2 (185 sq mi),"2,598/km2 (6,730/sq mi)",1037,Dense4
25-04-2020,Puducherry,1864,1793.0,9.0,31,1247953,395200,852753,479 km2 (185 sq mi),"2,598/km2 (6,730/sq mi)",1037,Dense4
26-04-2020,Puducherry,1977,1902.0,9.0,31,1247953,395200,852753,479 km2 (185 sq mi),"2,598/km2 (6,730/sq mi)",1037,Dense4
27-04-2020,Puducherry,2014,1942.0,9.0,31,1247953,395200,852753,479 km2 (185 sq mi),"2,598/km2 (6,730/sq mi)",1037,Dense4
28-04-2020,Puducherry,2156,2099.0,9.0,31,1247953,395200,852753,479 km2 (185 sq mi),"2,598/km2 (6,730/sq mi)",1037,Dense4
29-04-2020,Puducherry,2228,2150.0,9.0,31,1247953,395200,852753,479 km2 (185 sq mi),"2,598/km2 (6,730/sq mi)",1037,Dense4
30-04-2020,Puducherry,2353,2292.0,9.0,31,1247953,395200,852753,479 km2 (185 sq mi),"2,598/km2 (6,730/sq mi)",1037,Dense4
01-05-2020,Puducherry,2698,2583.0,10.0,31,1247953,395200,852753,479 km2 (185 sq mi),"2,598/km2 (6,730/sq mi)",1037,Dense4
02-05-2020,Puducherry,2990,2902.0,13.0,31,1247953,395200,852753,479 km2 (185 sq mi),"2,598/km2 (6,730/sq mi)",1037,Dense4
03-05-2020,Puducherry,3155,3097.0,13.0,31,1247953,395200,852753,479 km2 (185 sq mi),"2,598/km2 (6,730/sq mi)",1037,Dense4
04-05-2020,Puducherry,3281,3220.0,13.0,31,1247953,395200,852753,479 km2 (185 sq mi),"2,598/km2 (6,730/sq mi)",1037,Dense4
02-04-2020,Punjab,1434,1236.0,38.0,16,27743338,17344192,10399146,"50,362 km2 (19,445 sq mi)","550/km2 (1,400/sq mi)",895,Dense2
08-04-2020,Punjab,2937,2614.0,107.0,16,27743338,17344192,10399146,"50,362 km2 (19,445 sq mi)","550/km2 (1,400/sq mi)",895,Dense2
09-04-2020,Punjab,3192,2777.0,131.0,16,27743338,17344192,10399146,"50,362 km2 (19,445 sq mi)","550/km2 (1,400/sq mi)",895,Dense2
10-04-2020,Punjab,3461,2972.0,152.0,16,27743338,17344192,10399146,"50,362 km2 (19,445 sq mi)","550/km2 (1,400/sq mi)",895,Dense2
11-04-2020,Punjab,3909,3249.0,159.0,16,27743338,17344192,10399146,"50,362 km2 (19,445 sq mi)","550/km2 (1,400/sq mi)",895,Dense2
12-04-2020,Punjab,4281,3590.0,171.0,16,27743338,17344192,10399146,"50,362 km2 (19,445 sq mi)","550/km2 (1,400/sq mi)",895,Dense2
13-04-2020,Punjab,4480,3858.0,177.0,16,27743338,17344192,10399146,"50,362 km2 (19,445 sq mi)","550/km2 (1,400/sq mi)",895,Dense2
14-04-2020,Punjab,4844,4047.0,185.0,16,27743338,17344192,10399146,"50,362 km2 (19,445 sq mi)","550/km2 (1,400/sq mi)",895,Dense2
15-04-2020,Punjab,5193,4404.0,187.0,16,27743338,17344192,10399146,"50,362 km2 (19,445 sq mi)","550/km2 (1,400/sq mi)",895,Dense2
16-04-2020,Punjab,5524,4727.0,198.0,16,27743338,17344192,10399146,"50,362 km2 (19,445 sq mi)","550/km2 (1,400/sq mi)",895,Dense2
17-04-2020,Punjab,5988,5113.0,212.0,16,27743338,17344192,10399146,"50,362 km2 (19,445 sq mi)","550/km2 (1,400/sq mi)",895,Dense2
18-04-2020,Punjab,6167,5354.0,235.0,16,27743338,17344192,10399146,"50,362 km2 (19,445 sq mi)","550/km2 (1,400/sq mi)",895,Dense2
19-04-2020,Punjab,6607,5949.0,245.0,16,27743338,17344192,10399146,"50,362 km2 (19,445 sq mi)","550/km2 (1,400/sq mi)",895,Dense2
20-04-2020,Punjab,6797,6273.0,246.0,16,27743338,17344192,10399146,"50,362 km2 (19,445 sq mi)","550/km2 (1,400/sq mi)",895,Dense2
21-04-2020,Punjab,7355,6769.0,252.0,16,27743338,17344192,10399146,"50,362 km2 (19,445 sq mi)","550/km2 (1,400/sq mi)",895,Dense2
22-04-2020,Punjab,7887,7100.0,258.0,16,27743338,17344192,10399146,"50,362 km2 (19,445 sq mi)","550/km2 (1,400/sq mi)",895,Dense2
23-04-2020,Punjab,8757,7433.0,284.0,16,27743338,17344192,10399146,"50,362 km2 (19,445 sq mi)","550/km2 (1,400/sq mi)",895,Dense2
24-04-2020,Punjab,10611,8310.0,299.0,16,27743338,17344192,10399146,"50,362 km2 (19,445 sq mi)","550/km2 (1,400/sq mi)",895,Dense2
25-04-2020,Punjab,13270,9392.0,309.0,16,27743338,17344192,10399146,"50,362 km2 (19,445 sq mi)","550/km2 (1,400/sq mi)",895,Dense2
26-04-2020,Punjab,14317,10497.0,323.0,16,27743338,17344192,10399146,"50,362 km2 (19,445 sq mi)","550/km2 (1,400/sq mi)",895,Dense2
27-04-2020,Punjab,15516,12333.0,331.0,16,27743338,17344192,10399146,"50,362 km2 (19,445 sq mi)","550/km2 (1,400/sq mi)",895,Dense2
28-04-2020,Punjab,17021,13966.0,343.0,16,27743338,17344192,10399146,"50,362 km2 (19,445 sq mi)","550/km2 (1,400/sq mi)",895,Dense2
29-04-2020,Punjab,18670,15690.0,376.0,16,27743338,17344192,10399146,"50,362 km2 (19,445 sq mi)","550/km2 (1,400/sq mi)",895,Dense2
30-04-2020,Punjab,21205,17286.0,481.0,16,27743338,17344192,10399146,"50,362 km2 (19,445 sq mi)","550/km2 (1,400/sq mi)",895,Dense2
01-05-2020,Punjab,23176,18222.0,586.0,16,27743338,17344192,10399146,"50,362 km2 (19,445 sq mi)","550/km2 (1,400/sq mi)",895,Dense2
02-05-2020,Punjab,24868,19316.0,773.0,16,27743338,17344192,10399146,"50,362 km2 (19,445 sq mi)","550/km2 (1,400/sq mi)",895,Dense2
03-05-2020,Punjab,26439,20197.0,1103.0,16,27743338,17344192,10399146,"50,362 km2 (19,445 sq mi)","550/km2 (1,400/sq mi)",895,Dense2
04-05-2020,Punjab,28545,21295.0,1233.0,16,27743338,17344192,10399146,"50,362 km2 (19,445 sq mi)","550/km2 (1,400/sq mi)",895,Dense2
05-05-2020,Punjab,30199,23352.0,1452.0,16,27743338,17344192,10399146,"50,362 km2 (19,445 sq mi)","550/km2 (1,400/sq mi)",895,Dense2
05-04-2020,Rajasthan,12279,11439.0,261.0,7,68548437,51500352,17048085,"342,239 km2 (132,139 sq mi)",201/km2 (520/sq mi),928,Dense1
07-04-2020,Rajasthan,17638,16401.0,364.0,7,68548437,51500352,17048085,"342,239 km2 (132,139 sq mi)",201/km2 (520/sq mi),928,Dense1
08-04-2020,Rajasthan,17638,16401.0,364.0,7,68548437,51500352,17048085,"342,239 km2 (132,139 sq mi)",201/km2 (520/sq mi),928,Dense1
09-04-2020,Rajasthan,19107,17851.0,464.0,7,68548437,51500352,17048085,"342,239 km2 (132,139 sq mi)",201/km2 (520/sq mi),928,Dense1
10-04-2020,Rajasthan,22349,20698.0,562.0,7,68548437,51500352,17048085,"342,239 km2 (132,139 sq mi)",201/km2 (520/sq mi),928,Dense1
11-04-2020,Rajasthan,24857,22583.0,679.0,7,68548437,51500352,17048085,"342,239 km2 (132,139 sq mi)",201/km2 (520/sq mi),928,Dense1
12-04-2020,Rajasthan,28505,25105.0,797.0,7,68548437,51500352,17048085,"342,239 km2 (132,139 sq mi)",201/km2 (520/sq mi),928,Dense1
13-04-2020,Rajasthan,31804,28657.0,848.0,7,68548437,51500352,17048085,"342,239 km2 (132,139 sq mi)",201/km2 (520/sq mi),928,Dense1
14-04-2020,Rajasthan,34928,29376.0,1006.0,7,68548437,51500352,17048085,"342,239 km2 (132,139 sq mi)",201/km2 (520/sq mi),928,Dense1
15-04-2020,Rajasthan,37860,31902.0,1077.0,7,68548437,51500352,17048085,"342,239 km2 (132,139 sq mi)",201/km2 (520/sq mi),928,Dense1
16-04-2020,Rajasthan,40778,33739.0,1102.0,7,68548437,51500352,17048085,"342,239 km2 (132,139 sq mi)",201/km2 (520/sq mi),928,Dense1
17-04-2020,Rajasthan,42847,36153.0,1230.0,7,68548437,51500352,17048085,"342,239 km2 (132,139 sq mi)",201/km2 (520/sq mi),928,Dense1
18-04-2020,Rajasthan,47197,39092.0,1283.0,7,68548437,51500352,17048085,"342,239 km2 (132,139 sq mi)",201/km2 (520/sq mi),928,Dense1
19-04-2020,Rajasthan,51614,43537.0,1479.0,7,68548437,51500352,17048085,"342,239 km2 (132,139 sq mi)",201/km2 (520/sq mi),928,Dense1
20-04-2020,Rajasthan,57290,47657.0,1577.0,7,68548437,51500352,17048085,"342,239 km2 (132,139 sq mi)",201/km2 (520/sq mi),928,Dense1
21-04-2020,Rajasthan,61492,54100.0,1736.0,7,68548437,51500352,17048085,"342,239 km2 (132,139 sq mi)",201/km2 (520/sq mi),928,Dense1
22-04-2020,Rajasthan,66257,58552.0,1889.0,7,68548437,51500352,17048085,"342,239 km2 (132,139 sq mi)",201/km2 (520/sq mi),928,Dense1
23-04-2020,Rajasthan,69764,63485.0,1965.0,7,68548437,51500352,17048085,"342,239 km2 (132,139 sq mi)",201/km2 (520/sq mi),928,Dense1
24-04-2020,Rajasthan,74484,68133.0,2035.0,7,68548437,51500352,17048085,"342,239 km2 (132,139 sq mi)",201/km2 (520/sq mi),928,Dense1
25-04-2020,Rajasthan,78993,71806.0,2084.0,7,68548437,51500352,17048085,"342,239 km2 (132,139 sq mi)",201/km2 (520/sq mi),928,Dense1
26-04-2020,Rajasthan,82942,75670.0,2186.0,7,68548437,51500352,17048085,"342,239 km2 (132,139 sq mi)",201/km2 (520/sq mi),928,Dense1
27-04-2020,Rajasthan,87777,80830.0,2263.0,7,68548437,51500352,17048085,"342,239 km2 (132,139 sq mi)",201/km2 (520/sq mi),928,Dense1
28-04-2020,Rajasthan,92506,85834.0,2365.0,7,68548437,51500352,17048085,"342,239 km2 (132,139 sq mi)",201/km2 (520/sq mi),928,Dense1
29-04-2020,Rajasthan,97790,90108.0,2439.0,7,68548437,51500352,17048085,"342,239 km2 (132,139 sq mi)",201/km2 (520/sq mi),928,Dense1
30-04-2020,Rajasthan,103704,,2585.0,7,68548437,51500352,17048085,"342,239 km2 (132,139 sq mi)",201/km2 (520/sq mi),928,Dense1
01-05-2020,Rajasthan,108543,100277.0,2667.0,7,68548437,51500352,17048085,"342,239 km2 (132,139 sq mi)",201/km2 (520/sq mi),928,Dense1
02-05-2020,Rajasthan,113934,104705.0,2721.0,7,68548437,51500352,17048085,"342,239 km2 (132,139 sq mi)",201/km2 (520/sq mi),928,Dense1
03-05-2020,Rajasthan,120240,112345.0,2887.0,7,68548437,51500352,17048085,"342,239 km2 (132,139 sq mi)",201/km2 (520/sq mi),928,Dense1
04-05-2020,Rajasthan,129258,122513.0,3062.0,7,68548437,51500352,17048085,"342,239 km2 (132,139 sq mi)",201/km2 (520/sq mi),928,Dense1
05-05-2020,Rajasthan,134987,128297.0,3128.0,7,68548437,51500352,17048085,"342,239 km2 (132,139 sq mi)",201/km2 (520/sq mi),928,Dense1
04-05-2020,Sikkim,170,169.0,1.0,28,610577,456999,153578,"7,096 km2 (2,740 sq mi)",86/km2 (220/sq mi),890,Dense1
03-04-2020,Tamil Nadu,3684,2789.0,412.0,6,72147030,37229590,34917440,"130,058 km2 (50,216 sq mi)","555/km2 (1,440/sq mi)",996,Dense2
08-04-2020,Tamil Nadu,5305,4414.0,691.0,6,72147030,37229590,34917440,"130,058 km2 (50,216 sq mi)","555/km2 (1,440/sq mi)",996,Dense2
09-04-2020,Tamil Nadu,7267,5824.0,835.0,6,72147030,37229590,34917440,"130,058 km2 (50,216 sq mi)","555/km2 (1,440/sq mi)",996,Dense2
10-04-2020,Tamil Nadu,8410,6838.0,912.0,6,72147030,37229590,34917440,"130,058 km2 (50,216 sq mi)","555/km2 (1,440/sq mi)",996,Dense2
11-04-2020,Tamil Nadu,9842,7779.0,970.0,6,72147030,37229590,34917440,"130,058 km2 (50,216 sq mi)","555/km2 (1,440/sq mi)",996,Dense2
12-04-2020,Tamil Nadu,10655,,1076.0,6,72147030,37229590,34917440,"130,058 km2 (50,216 sq mi)","555/km2 (1,440/sq mi)",996,Dense2
13-04-2020,Tamil Nadu,12746,,1174.0,6,72147030,37229590,34917440,"130,058 km2 (50,216 sq mi)","555/km2 (1,440/sq mi)",996,Dense2
14-04-2020,Tamil Nadu,19255,13234.0,1205.0,6,72147030,37229590,34917440,"130,058 km2 (50,216 sq mi)","555/km2 (1,440/sq mi)",996,Dense2
15-04-2020,Tamil Nadu,21994,15210.0,1243.0,6,72147030,37229590,34917440,"130,058 km2 (50,216 sq mi)","555/km2 (1,440/sq mi)",996,Dense2
16-04-2020,Tamil Nadu,26005,18743.0,1268.0,6,72147030,37229590,34917440,"130,058 km2 (50,216 sq mi)","555/km2 (1,440/sq mi)",996,Dense2
17-04-2020,Tamil Nadu,29673,21628.0,1324.0,6,72147030,37229590,34917440,"130,058 km2 (50,216 sq mi)","555/km2 (1,440/sq mi)",996,Dense2
18-04-2020,Tamil Nadu,35036,27192.0,1373.0,6,72147030,37229590,34917440,"130,058 km2 (50,216 sq mi)","555/km2 (1,440/sq mi)",996,Dense2
19-04-2020,Tamil Nadu,40876,31853.0,1478.0,6,72147030,37229590,34917440,"130,058 km2 (50,216 sq mi)","555/km2 (1,440/sq mi)",996,Dense2
20-04-2020,Tamil Nadu,46985,38082.0,1521.0,6,72147030,37229590,34917440,"130,058 km2 (50,216 sq mi)","555/km2 (1,440/sq mi)",996,Dense2
21-04-2020,Tamil Nadu,53045,43582.0,1597.0,6,72147030,37229590,34917440,"130,058 km2 (50,216 sq mi)","555/km2 (1,440/sq mi)",996,Dense2
22-04-2020,Tamil Nadu,59023,49506.0,1630.0,6,72147030,37229590,34917440,"130,058 km2 (50,216 sq mi)","555/km2 (1,440/sq mi)",996,Dense2
23-04-2020,Tamil Nadu,65977,56836.0,1684.0,6,72147030,37229590,34917440,"130,058 km2 (50,216 sq mi)","555/km2 (1,440/sq mi)",996,Dense2
24-04-2020,Tamil Nadu,72403,62596.0,1756.0,6,72147030,37229590,34917440,"130,058 km2 (50,216 sq mi)","555/km2 (1,440/sq mi)",996,Dense2
25-04-2020,Tamil Nadu,80110,69390.0,1822.0,6,72147030,37229590,34917440,"130,058 km2 (50,216 sq mi)","555/km2 (1,440/sq mi)",996,Dense2
26-04-2020,Tamil Nadu,87605,77133.0,1886.0,6,72147030,37229590,34917440,"130,058 km2 (50,216 sq mi)","555/km2 (1,440/sq mi)",996,Dense2
27-04-2020,Tamil Nadu,94781,83021.0,1938.0,6,72147030,37229590,34917440,"130,058 km2 (50,216 sq mi)","555/km2 (1,440/sq mi)",996,Dense2
28-04-2020,Tamil Nadu,101874,97908.0,2059.0,6,72147030,37229590,34917440,"130,058 km2 (50,216 sq mi)","555/km2 (1,440/sq mi)",996,Dense2
29-04-2020,Tamil Nadu,109961,105864.0,2163.0,6,72147030,37229590,34917440,"130,058 km2 (50,216 sq mi)","555/km2 (1,440/sq mi)",996,Dense2
30-04-2020,Tamil Nadu,119748,115761.0,2324.0,6,72147030,37229590,34917440,"130,058 km2 (50,216 sq mi)","555/km2 (1,440/sq mi)",996,Dense2
01-05-2020,Tamil Nadu,129363,124852.0,2527.0,6,72147030,37229590,34917440,"130,058 km2 (50,216 sq mi)","555/km2 (1,440/sq mi)",996,Dense2
02-05-2020,Tamil Nadu,139490,135698.0,2758.0,6,72147030,37229590,34917440,"130,058 km2 (50,216 sq mi)","555/km2 (1,440/sq mi)",996,Dense2
03-05-2020,Tamil Nadu,150107,145520.0,3024.0,6,72147030,37229590,34917440,"130,058 km2 (50,216 sq mi)","555/km2 (1,440/sq mi)",996,Dense2
04-05-2020,Tamil Nadu,162970,158558.0,3551.0,6,72147030,37229590,34917440,"130,058 km2 (50,216 sq mi)","555/km2 (1,440/sq mi)",996,Dense2
11-04-2020,Tripura,337,335.0,3.0,21,3673917,2712464,961453,"10,486 km2 (4,049 sq mi)",350/km2 (910/sq mi),960,Dense2
15-04-2020,Tripura,738,,3.0,21,3673917,2712464,961453,"10,486 km2 (4,049 sq mi)",350/km2 (910/sq mi),960,Dense2
16-04-2020,Tripura,762,760.0,3.0,21,3673917,2712464,961453,"10,486 km2 (4,049 sq mi)",350/km2 (910/sq mi),960,Dense2
21-04-2020,Tripura,2604,2602.0,3.0,21,3673917,2712464,961453,"10,486 km2 (4,049 sq mi)",350/km2 (910/sq mi),960,Dense2
22-04-2020,Tripura,3215,3123.0,3.0,21,3673917,2712464,961453,"10,486 km2 (4,049 sq mi)",350/km2 (910/sq mi),960,Dense2
01-05-2020,Tripura,4828,4825.0,4.0,21,3673917,2712464,961453,"10,486 km2 (4,049 sq mi)",350/km2 (910/sq mi),960,Dense2
02-05-2020,Tripura,4955,4950.0,6.0,21,3673917,2712464,961453,"10,486 km2 (4,049 sq mi)",350/km2 (910/sq mi),960,Dense2
03-05-2020,Tripura,5162,5157.0,6.0,21,3673917,2712464,961453,"10,486 km2 (4,049 sq mi)",350/km2 (910/sq mi),960,Dense2
04-05-2020,Tripura,5394,5377.0,18.0,21,3673917,2712464,961453,"10,486 km2 (4,049 sq mi)",350/km2 (910/sq mi),960,Dense2
05-04-2020,Uttar Pradesh,5255,4796.0,279.0,1,199812341,155317278,44495063,"240,928 km2 (93,023 sq mi)","828/km2 (2,140/sq mi)",912,Dense3
05-04-2020,Uttar Pradesh,5255,4796.0,279.0,1,199812341,155317278,44495063,"240,928 km2 (93,023 sq mi)","828/km2 (2,140/sq mi)",912,Dense3
09-04-2020,Uttar Pradesh,8402,7898.0,411.0,1,199812341,155317278,44495063,"240,928 km2 (93,023 sq mi)","828/km2 (2,140/sq mi)",912,Dense3
10-04-2020,Uttar Pradesh,9332,8798.0,434.0,1,199812341,155317278,44495063,"240,928 km2 (93,023 sq mi)","828/km2 (2,140/sq mi)",912,Dense3
11-04-2020,Uttar Pradesh,10595,10012.0,453.0,1,199812341,155317278,44495063,"240,928 km2 (93,023 sq mi)","828/km2 (2,140/sq mi)",912,Dense3
12-04-2020,Uttar Pradesh,11855,11250.0,484.0,1,199812341,155317278,44495063,"240,928 km2 (93,023 sq mi)","828/km2 (2,140/sq mi)",912,Dense3
13-04-2020,Uttar Pradesh,13287,12542.0,559.0,1,199812341,155317278,44495063,"240,928 km2 (93,023 sq mi)","828/km2 (2,140/sq mi)",912,Dense3
14-04-2020,Uttar Pradesh,15914,15134.0,661.0,1,199812341,155317278,44495063,"240,928 km2 (93,023 sq mi)","828/km2 (2,140/sq mi)",912,Dense3
15-04-2020,Uttar Pradesh,19506,18595.0,728.0,1,199812341,155317278,44495063,"240,928 km2 (93,023 sq mi)","828/km2 (2,140/sq mi)",912,Dense3
16-04-2020,Uttar Pradesh,21384,20374.0,806.0,1,199812341,155317278,44495063,"240,928 km2 (93,023 sq mi)","828/km2 (2,140/sq mi)",912,Dense3
17-04-2020,Uttar Pradesh,24643,23648.0,850.0,1,199812341,155317278,44495063,"240,928 km2 (93,023 sq mi)","828/km2 (2,140/sq mi)",912,Dense3
18-04-2020,Uttar Pradesh,28484,27262.0,975.0,1,199812341,155317278,44495063,"240,928 km2 (93,023 sq mi)","828/km2 (2,140/sq mi)",912,Dense3
19-04-2020,Uttar Pradesh,31767,,1101.0,1,199812341,155317278,44495063,"240,928 km2 (93,023 sq mi)","828/km2 (2,140/sq mi)",912,Dense3
20-04-2020,Uttar Pradesh,34326,32874.0,1185.0,1,199812341,155317278,44495063,"240,928 km2 (93,023 sq mi)","828/km2 (2,140/sq mi)",912,Dense3
21-04-2020,Uttar Pradesh,37933,36378.0,1338.0,1,199812341,155317278,44495063,"240,928 km2 (93,023 sq mi)","828/km2 (2,140/sq mi)",912,Dense3
22-04-2020,Uttar Pradesh,42192,40263.0,1450.0,1,199812341,155317278,44495063,"240,928 km2 (93,023 sq mi)","828/km2 (2,140/sq mi)",912,Dense3
23-04-2020,Uttar Pradesh,45483,43495.0,1511.0,1,199812341,155317278,44495063,"240,928 km2 (93,023 sq mi)","828/km2 (2,140/sq mi)",912,Dense3
24-04-2020,Uttar Pradesh,53166,51161.0,1622.0,1,199812341,155317278,44495063,"240,928 km2 (93,023 sq mi)","828/km2 (2,140/sq mi)",912,Dense3
25-04-2020,Uttar Pradesh,56851,54216.0,1794.0,1,199812341,155317278,44495063,"240,928 km2 (93,023 sq mi)","828/km2 (2,140/sq mi)",912,Dense3
26-04-2020,Uttar Pradesh,61799,58492.0,1874.0,1,199812341,155317278,44495063,"240,928 km2 (93,023 sq mi)","828/km2 (2,140/sq mi)",912,Dense3
27-04-2020,Uttar Pradesh,67145,64139.0,1897.0,1,199812341,155317278,44495063,"240,928 km2 (93,023 sq mi)","828/km2 (2,140/sq mi)",912,Dense3
28-04-2020,Uttar Pradesh,70307,67266.0,2054.0,1,199812341,155317278,44495063,"240,928 km2 (93,023 sq mi)","828/km2 (2,140/sq mi)",912,Dense3
29-04-2020,Uttar Pradesh,73716,70436.0,2135.0,1,199812341,155317278,44495063,"240,928 km2 (93,023 sq mi)","828/km2 (2,140/sq mi)",912,Dense3
30-04-2020,Uttar Pradesh,78013,74864.0,2212.0,1,199812341,155317278,44495063,"240,928 km2 (93,023 sq mi)","828/km2 (2,140/sq mi)",912,Dense3
01-05-2020,Uttar Pradesh,82459,79091.0,2329.0,1,199812341,155317278,44495063,"240,928 km2 (93,023 sq mi)","828/km2 (2,140/sq mi)",912,Dense3
02-05-2020,Uttar Pradesh,85729,82356.0,2488.0,1,199812341,155317278,44495063,"240,928 km2 (93,023 sq mi)","828/km2 (2,140/sq mi)",912,Dense3
03-05-2020,Uttar Pradesh,95841,91828.0,2646.0,1,199812341,155317278,44495063,"240,928 km2 (93,023 sq mi)","828/km2 (2,140/sq mi)",912,Dense3
04-05-2020,Uttar Pradesh,98300,94682.0,2767.0,1,199812341,155317278,44495063,"240,928 km2 (93,023 sq mi)","828/km2 (2,140/sq mi)",912,Dense3
02-04-2020,Uttarakhand,678,554.0,8.0,19,10086292,7036954,3049338,"53,483 km2 (20,650 sq mi)",189/km2 (490/sq mi),963,Dense1
07-04-2020,Uttarakhand,1289,1092.0,33.0,19,10086292,7036954,3049338,"53,483 km2 (20,650 sq mi)",189/km2 (490/sq mi),963,Dense1
09-04-2020,Uttarakhand,1531,1235.0,36.0,19,10086292,7036954,3049338,"53,483 km2 (20,650 sq mi)",189/km2 (490/sq mi),963,Dense1
10-04-2020,Uttarakhand,1688,1320.0,36.0,19,10086292,7036954,3049338,"53,483 km2 (20,650 sq mi)",189/km2 (490/sq mi),963,Dense1
11-04-2020,Uttarakhand,1705,1340.0,36.0,19,10086292,7036954,3049338,"53,483 km2 (20,650 sq mi)",189/km2 (490/sq mi),963,Dense1
12-04-2020,Uttarakhand,1820,1452.0,36.0,19,10086292,7036954,3049338,"53,483 km2 (20,650 sq mi)",189/km2 (490/sq mi),963,Dense1
13-04-2020,Uttarakhand,1998,1665.0,36.0,19,10086292,7036954,3049338,"53,483 km2 (20,650 sq mi)",189/km2 (490/sq mi),963,Dense1
14-04-2020,Uttarakhand,2174,1838.0,36.0,19,10086292,7036954,3049338,"53,483 km2 (20,650 sq mi)",189/km2 (490/sq mi),963,Dense1
15-04-2020,Uttarakhand,2413,2022.0,38.0,19,10086292,7036954,3049338,"53,483 km2 (20,650 sq mi)",189/km2 (490/sq mi),963,Dense1
16-04-2020,Uttarakhand,2593,2210.0,38.0,19,10086292,7036954,3049338,"53,483 km2 (20,650 sq mi)",189/km2 (490/sq mi),963,Dense1
17-04-2020,Uttarakhand,2831,2420.0,41.0,19,10086292,7036954,3049338,"53,483 km2 (20,650 sq mi)",189/km2 (490/sq mi),963,Dense1
18-04-2020,Uttarakhand,3158,2710.0,43.0,19,10086292,7036954,3049338,"53,483 km2 (20,650 sq mi)",189/km2 (490/sq mi),963,Dense1
19-04-2020,Uttarakhand,3344,3046.0,45.0,19,10086292,7036954,3049338,"53,483 km2 (20,650 sq mi)",189/km2 (490/sq mi),963,Dense1
20-04-2020,Uttarakhand,3677,3228.0,47.0,19,10086292,7036954,3049338,"53,483 km2 (20,650 sq mi)",189/km2 (490/sq mi),963,Dense1
21-04-2020,Uttarakhand,4061,3445.0,47.0,19,10086292,7036954,3049338,"53,483 km2 (20,650 sq mi)",189/km2 (490/sq mi),963,Dense1
22-04-2020,Uttarakhand,4275,3664.0,47.0,19,10086292,7036954,3049338,"53,483 km2 (20,650 sq mi)",189/km2 (490/sq mi),963,Dense1
23-04-2020,Uttarakhand,4473,3879.0,48.0,19,10086292,7036954,3049338,"53,483 km2 (20,650 sq mi)",189/km2 (490/sq mi),963,Dense1
24-04-2020,Uttarakhand,4767,4239.0,49.0,19,10086292,7036954,3049338,"53,483 km2 (20,650 sq mi)",189/km2 (490/sq mi),963,Dense1
25-04-2020,Uttarakhand,5194,4423.0,49.0,19,10086292,7036954,3049338,"53,483 km2 (20,650 sq mi)",189/km2 (490/sq mi),963,Dense1
26-04-2020,Uttarakhand,5277,4675.0,51.0,19,10086292,7036954,3049338,"53,483 km2 (20,650 sq mi)",189/km2 (490/sq mi),963,Dense1
27-04-2020,Uttarakhand,5463,4912.0,52.0,19,10086292,7036954,3049338,"53,483 km2 (20,650 sq mi)",189/km2 (490/sq mi),963,Dense1
28-04-2020,Uttarakhand,5739,5212.0,53.0,19,10086292,7036954,3049338,"53,483 km2 (20,650 sq mi)",189/km2 (490/sq mi),963,Dense1
29-04-2020,Uttarakhand,6046,5547.0,55.0,19,10086292,7036954,3049338,"53,483 km2 (20,650 sq mi)",189/km2 (490/sq mi),963,Dense1
30-04-2020,Uttarakhand,6565,6100.0,58.0,19,10086292,7036954,3049338,"53,483 km2 (20,650 sq mi)",189/km2 (490/sq mi),963,Dense1
01-05-2020,Uttarakhand,7042,6533.0,58.0,19,10086292,7036954,3049338,"53,483 km2 (20,650 sq mi)",189/km2 (490/sq mi),963,Dense1
02-05-2020,Uttarakhand,7369,6786.0,60.0,19,10086292,7036954,3049338,"53,483 km2 (20,650 sq mi)",189/km2 (490/sq mi),963,Dense1
03-05-2020,Uttarakhand,7578,6986.0,61.0,19,10086292,7036954,3049338,"53,483 km2 (20,650 sq mi)",189/km2 (490/sq mi),963,Dense1
04-05-2020,Uttarakhand,7806,7134.0,61.0,19,10086292,7036954,3049338,"53,483 km2 (20,650 sq mi)",189/km2 (490/sq mi),963,Dense1
05-05-2020,Uttarakhand,8060,7357.0,62.0,19,10086292,7036954,3049338,"53,483 km2 (20,650 sq mi)",189/km2 (490/sq mi),963,Dense1
01-04-2020,West Bengal,659,568.0,38.0,4,91276115,62183113,29093002,"88,752 km2 (34,267 sq mi)","1,029/km2 (2,670/sq mi)",953,Dense4
04-04-2020,West Bengal,1042,,408.0,4,91276115,62183113,29093002,"88,752 km2 (34,267 sq mi)","1,029/km2 (2,670/sq mi)",953,Dense4
06-04-2020,West Bengal,1301,,408.0,4,91276115,62183113,29093002,"88,752 km2 (34,267 sq mi)","1,029/km2 (2,670/sq mi)",953,Dense4
07-04-2020,West Bengal,1487,,408.0,4,91276115,62183113,29093002,"88,752 km2 (34,267 sq mi)","1,029/km2 (2,670/sq mi)",953,Dense4
09-04-2020,West Bengal,1889,,408.0,4,91276115,62183113,29093002,"88,752 km2 (34,267 sq mi)","1,029/km2 (2,670/sq mi)",953,Dense4
10-04-2020,West Bengal,2095,,408.0,4,91276115,62183113,29093002,"88,752 km2 (34,267 sq mi)","1,029/km2 (2,670/sq mi)",953,Dense4
11-04-2020,West Bengal,2286,,127.0,4,91276115,62183113,29093002,"88,752 km2 (34,267 sq mi)","1,029/km2 (2,670/sq mi)",953,Dense4
12-04-2020,West Bengal,2523,,135.0,4,91276115,62183113,29093002,"88,752 km2 (34,267 sq mi)","1,029/km2 (2,670/sq mi)",953,Dense4
13-04-2020,West Bengal,2793,,153.0,4,91276115,62183113,29093002,"88,752 km2 (34,267 sq mi)","1,029/km2 (2,670/sq mi)",953,Dense4
14-04-2020,West Bengal,3081,,191.0,4,91276115,62183113,29093002,"88,752 km2 (34,267 sq mi)","1,029/km2 (2,670/sq mi)",953,Dense4
15-04-2020,West Bengal,3470,,214.0,4,91276115,62183113,29093002,"88,752 km2 (34,267 sq mi)","1,029/km2 (2,670/sq mi)",953,Dense4
16-04-2020,West Bengal,3811,,232.0,4,91276115,62183113,29093002,"88,752 km2 (34,267 sq mi)","1,029/km2 (2,670/sq mi)",953,Dense4
17-04-2020,West Bengal,4212,,256.0,4,91276115,62183113,29093002,"88,752 km2 (34,267 sq mi)","1,029/km2 (2,670/sq mi)",953,Dense4
18-04-2020,West Bengal,4630,,288.0,4,91276115,62183113,29093002,"88,752 km2 (34,267 sq mi)","1,029/km2 (2,670/sq mi)",953,Dense4
19-04-2020,West Bengal,5045,,311.0,4,91276115,62183113,29093002,"88,752 km2 (34,267 sq mi)","1,029/km2 (2,670/sq mi)",953,Dense4
20-04-2020,West Bengal,5469,,340.0,4,91276115,62183113,29093002,"88,752 km2 (34,267 sq mi)","1,029/km2 (2,670/sq mi)",953,Dense4
21-04-2020,West Bengal,6182,,393.0,4,91276115,62183113,29093002,"88,752 km2 (34,267 sq mi)","1,029/km2 (2,670/sq mi)",953,Dense4
22-04-2020,West Bengal,7037,,424.0,4,91276115,62183113,29093002,"88,752 km2 (34,267 sq mi)","1,029/km2 (2,670/sq mi)",953,Dense4
23-04-2020,West Bengal,7990,,457.0,4,91276115,62183113,29093002,"88,752 km2 (34,267 sq mi)","1,029/km2 (2,670/sq mi)",953,Dense4
24-04-2020,West Bengal,8933,,515.0,4,91276115,62183113,29093002,"88,752 km2 (34,267 sq mi)","1,029/km2 (2,670/sq mi)",953,Dense4
25-04-2020,West Bengal,9880,,572.0,4,91276115,62183113,29093002,"88,752 km2 (34,267 sq mi)","1,029/km2 (2,670/sq mi)",953,Dense4
26-04-2020,West Bengal,10893,,612.0,4,91276115,62183113,29093002,"88,752 km2 (34,267 sq mi)","1,029/km2 (2,670/sq mi)",953,Dense4
27-04-2020,West Bengal,12043,,650.0,4,91276115,62183113,29093002,"88,752 km2 (34,267 sq mi)","1,029/km2 (2,670/sq mi)",953,Dense4
28-04-2020,West Bengal,13223,,698.0,4,91276115,62183113,29093002,"88,752 km2 (34,267 sq mi)","1,029/km2 (2,670/sq mi)",953,Dense4
29-04-2020,West Bengal,14620,,726.0,4,91276115,62183113,29093002,"88,752 km2 (34,267 sq mi)","1,029/km2 (2,670/sq mi)",953,Dense4
30-04-2020,West Bengal,16525,,759.0,4,91276115,62183113,29093002,"88,752 km2 (34,267 sq mi)","1,029/km2 (2,670/sq mi)",953,Dense4
01-05-2020,West Bengal,18566,,408.0,4,91276115,62183113,29093002,"88,752 km2 (34,267 sq mi)","1,029/km2 (2,670/sq mi)",953,Dense4
02-05-2020,West Bengal,20976,,796.0,4,91276115,62183113,29093002,"88,752 km2 (34,267 sq mi)","1,029/km2 (2,670/sq mi)",953,Dense4
03-05-2020,West Bengal,22915,,923.0,4,91276115,62183113,29093002,"88,752 km2 (34,267 sq mi)","1,029/km2 (2,670/sq mi)",953,Dense4
04-05-2020,West Bengal,25116,,1260.0,4,91276115,62183113,29093002,"88,752 km2 (34,267 sq mi)","1,029/km2 (2,670/sq mi)",953,Dense4
